Lat,Lon
39.16,-84.78
39.16,-84.74
39.12,-84.82
39.12,-84.78
39.12,-84.74
39.12,-84.7
39.12,-84.5
39.12,-84.46
39.12,-84.42
39.08,-84.9
39.08,-84.86
39.08,-84.82
39.08,-84.78
39.08,-84.74
39.08,-84.7
39.08,-84.66
39.08,-84.62
39.08,-84.58
39.08,-84.54
39.08,-84.5
39.08,-84.46
39.08,-84.42
39.04,-84.9
39.04,-84.86
39.04,-84.82
39.04,-84.78
39.04,-84.74
39.04,-84.7
39.04,-84.66
39.04,-84.62
39.04,-84.58
39.04,-84.54
39.04,-84.5
39.04,-84.46
39.04,-84.42
39.04,-84.38
39.04,-84.34
39.0,-84.86
39.0,-84.82
39.0,-84.78
39.0,-84.74
39.0,-84.7
39.0,-84.66
39.0,-84.62
39.0,-84.58
39.0,-84.54
39.0,-84.5
39.0,-84.46
39.0,-84.42
39.0,-84.38
39.0,-84.34
39.0,-84.3
38.96,-84.86
38.96,-84.82
38.96,-84.78
38.96,-84.74
38.96,-84.7
38.96,-84.66
38.96,-84.62
38.96,-84.58
38.96,-84.54
38.96,-84.5
38.96,-84.46
38.96,-84.42
38.96,-84.38
38.96,-84.34
38.96,-84.3
38.96,-84.26
38.92,-84.9
38.92,-84.86
38.92,-84.82
38.92,-84.78
38.92,-84.74
38.92,-84.7
38.92,-84.66
38.92,-84.62
38.92,-84.58
38.92,-84.54
38.92,-84.5
38.92,-84.46
38.92,-84.42
38.92,-84.38
38.92,-84.34
38.92,-84.3
38.92,-84.26
38.88,-84.86
38.88,-84.82
38.88,-84.78
38.88,-84.74
38.88,-84.7
38.88,-84.66
38.88,-84.62
38.88,-84.58
38.88,-84.54
38.88,-84.5
38.88,-84.46
38.88,-84.42
38.88,-84.38
38.88,-84.34
38.88,-84.3
38.88,-84.26
38.88,-84.22
38.84,-84.82
38.84,-84.78
38.84,-84.74
38.84,-84.7
38.84,-84.66
38.84,-84.62
38.84,-84.58
38.84,-84.54
38.84,-84.5
38.84,-84.46
38.84,-84.42
38.84,-84.38
38.84,-84.34
38.84,-84.3
38.84,-84.26
38.84,-84.22
38.8,-84.94
38.8,-84.9
38.8,-84.86
38.8,-84.82
38.8,-84.78
38.8,-84.74
38.8,-84.7
38.8,-84.66
38.8,-84.62
38.8,-84.58
38.8,-84.54
38.8,-84.5
38.8,-84.46
38.8,-84.42
38.8,-84.38
38.8,-84.34
38.8,-84.3
38.8,-84.26
38.8,-84.22
38.8,-84.18
38.8,-84.14
38.8,-84.1
38.8,-84.02
38.8,-83.98
38.8,-83.94
38.76,-85.3
38.76,-85.26
38.76,-85.06
38.76,-85.02
38.76,-84.98
38.76,-84.94
38.76,-84.9
38.76,-84.86
38.76,-84.82
38.76,-84.78
38.76,-84.74
38.76,-84.7
38.76,-84.66
38.76,-84.62
38.76,-84.58
38.76,-84.54
38.76,-84.5
38.76,-84.46
38.76,-84.42
38.76,-84.38
38.76,-84.34
38.76,-84.3
38.76,-84.26
38.76,-84.22
38.76,-84.18
38.76,-84.14
38.76,-84.1
38.76,-84.06
38.76,-84.02
38.76,-83.98
38.76,-83.94
38.76,-83.9
38.76,-83.86
38.76,-82.94
38.76,-82.9
38.76,-82.86
38.72,-85.46
38.72,-85.42
38.72,-85.38
38.72,-85.34
38.72,-85.3
38.72,-85.26
38.72,-85.22
38.72,-85.14
38.72,-85.1
38.72,-85.06
38.72,-85.02
38.72,-84.98
38.72,-84.94
38.72,-84.9
38.72,-84.86
38.72,-84.82
38.72,-84.78
38.72,-84.74
38.72,-84.7
38.72,-84.66
38.72,-84.62
38.72,-84.58
38.72,-84.54
38.72,-84.5
38.72,-84.46
38.72,-84.42
38.72,-84.38
38.72,-84.34
38.72,-84.3
38.72,-84.26
38.72,-84.22
38.72,-84.18
38.72,-84.14
38.72,-84.1
38.72,-84.06
38.72,-84.02
38.72,-83.98
38.72,-83.94
38.72,-83.9
38.72,-83.86
38.72,-83.82
38.72,-83.78
38.72,-83.54
38.72,-83.5
38.72,-83.06
38.72,-83.02
38.72,-82.98
38.72,-82.94
38.72,-82.9
38.72,-82.86
38.68,-85.46
38.68,-85.42
38.68,-85.38
38.68,-85.34
38.68,-85.3
38.68,-85.26
38.68,-85.22
38.68,-85.18
38.68,-85.14
38.68,-85.1
38.68,-85.06
38.68,-85.02
38.68,-84.98
38.68,-84.94
38.68,-84.9
38.68,-84.86
38.68,-84.82
38.68,-84.78
38.68,-84.74
38.68,-84.7
38.68,-84.66
38.68,-84.62
38.68,-84.58
38.68,-84.54
38.68,-84.5
38.68,-84.46
38.68,-84.42
38.68,-84.38
38.68,-84.34
38.68,-84.3
38.68,-84.26
38.68,-84.22
38.68,-84.18
38.68,-84.14
38.68,-84.1
38.68,-84.06
38.68,-84.02
38.68,-83.98
38.68,-83.94
38.68,-83.9
38.68,-83.86
38.68,-83.82
38.68,-83.78
38.68,-83.66
38.68,-83.62
38.68,-83.58
38.68,-83.54
38.68,-83.5
38.68,-83.46
38.68,-83.42
38.68,-83.38
38.68,-83.14
38.68,-83.1
38.68,-83.06
38.68,-83.02
38.68,-82.98
38.68,-82.94
38.68,-82.9
38.68,-82.86
38.64,-85.46
38.64,-85.42
38.64,-85.38
38.64,-85.34
38.64,-85.3
38.64,-85.26
38.64,-85.22
38.64,-85.18
38.64,-85.14
38.64,-85.1
38.64,-85.06
38.64,-85.02
38.64,-84.98
38.64,-84.94
38.64,-84.9
38.64,-84.86
38.64,-84.82
38.64,-84.78
38.64,-84.74
38.64,-84.7
38.64,-84.66
38.64,-84.62
38.64,-84.58
38.64,-84.54
38.64,-84.5
38.64,-84.46
38.64,-84.42
38.64,-84.38
38.64,-84.34
38.64,-84.3
38.64,-84.26
38.64,-84.22
38.64,-84.18
38.64,-84.14
38.64,-84.1
38.64,-84.06
38.64,-84.02
38.64,-83.98
38.64,-83.94
38.64,-83.9
38.64,-83.86
38.64,-83.82
38.64,-83.78
38.64,-83.74
38.64,-83.7
38.64,-83.66
38.64,-83.62
38.64,-83.58
38.64,-83.54
38.64,-83.5
38.64,-83.46
38.64,-83.42
38.64,-83.38
38.64,-83.34
38.64,-83.26
38.64,-83.22
38.64,-83.18
38.64,-83.14
38.64,-83.1
38.64,-83.06
38.64,-83.02
38.64,-82.98
38.64,-82.94
38.64,-82.9
38.64,-82.86
38.6,-85.46
38.6,-85.42
38.6,-85.38
38.6,-85.34
38.6,-85.3
38.6,-85.26
38.6,-85.22
38.6,-85.18
38.6,-85.14
38.6,-85.1
38.6,-85.06
38.6,-85.02
38.6,-84.98
38.6,-84.94
38.6,-84.9
38.6,-84.86
38.6,-84.82
38.6,-84.78
38.6,-84.74
38.6,-84.7
38.6,-84.66
38.6,-84.62
38.6,-84.58
38.6,-84.54
38.6,-84.5
38.6,-84.46
38.6,-84.42
38.6,-84.38
38.6,-84.34
38.6,-84.3
38.6,-84.26
38.6,-84.22
38.6,-84.18
38.6,-84.14
38.6,-84.1
38.6,-84.06
38.6,-84.02
38.6,-83.98
38.6,-83.94
38.6,-83.9
38.6,-83.86
38.6,-83.82
38.6,-83.78
38.6,-83.74
38.6,-83.7
38.6,-83.66
38.6,-83.62
38.6,-83.58
38.6,-83.54
38.6,-83.5
38.6,-83.46
38.6,-83.42
38.6,-83.38
38.6,-83.34
38.6,-83.3
38.6,-83.26
38.6,-83.22
38.6,-83.18
38.6,-83.14
38.6,-83.1
38.6,-83.06
38.6,-83.02
38.6,-82.98
38.6,-82.94
38.6,-82.9
38.6,-82.86
38.6,-82.82
38.56,-85.42
38.56,-85.38
38.56,-85.34
38.56,-85.3
38.56,-85.26
38.56,-85.22
38.56,-85.18
38.56,-85.14
38.56,-85.1
38.56,-85.06
38.56,-85.02
38.56,-84.98
38.56,-84.94
38.56,-84.9
38.56,-84.86
38.56,-84.82
38.56,-84.78
38.56,-84.74
38.56,-84.7
38.56,-84.66
38.56,-84.62
38.56,-84.58
38.56,-84.54
38.56,-84.5
38.56,-84.46
38.56,-84.42
38.56,-84.38
38.56,-84.34
38.56,-84.3
38.56,-84.26
38.56,-84.22
38.56,-84.18
38.56,-84.14
38.56,-84.1
38.56,-84.06
38.56,-84.02
38.56,-83.98
38.56,-83.94
38.56,-83.9
38.56,-83.86
38.56,-83.82
38.56,-83.78
38.56,-83.74
38.56,-83.7
38.56,-83.66
38.56,-83.62
38.56,-83.58
38.56,-83.54
38.56,-83.5
38.56,-83.46
38.56,-83.42
38.56,-83.38
38.56,-83.34
38.56,-83.3
38.56,-83.26
38.56,-83.22
38.56,-83.18
38.56,-83.14
38.56,-83.1
38.56,-83.06
38.56,-83.02
38.56,-82.98
38.56,-82.94
38.56,-82.9
38.56,-82.86
38.56,-82.82
38.56,-82.78
38.56,-82.74
38.56,-82.7
38.52,-85.46
38.52,-85.42
38.52,-85.38
38.52,-85.34
38.52,-85.3
38.52,-85.26
38.52,-85.22
38.52,-85.18
38.52,-85.14
38.52,-85.1
38.52,-85.06
38.52,-85.02
38.52,-84.98
38.52,-84.94
38.52,-84.9
38.52,-84.86
38.52,-84.82
38.52,-84.78
38.52,-84.74
38.52,-84.7
38.52,-84.66
38.52,-84.62
38.52,-84.58
38.52,-84.54
38.52,-84.5
38.52,-84.46
38.52,-84.42
38.52,-84.38
38.52,-84.34
38.52,-84.3
38.52,-84.26
38.52,-84.22
38.52,-84.18
38.52,-84.14
38.52,-84.1
38.52,-84.06
38.52,-84.02
38.52,-83.98
38.52,-83.94
38.52,-83.9
38.52,-83.86
38.52,-83.82
38.52,-83.78
38.52,-83.74
38.52,-83.7
38.52,-83.66
38.52,-83.62
38.52,-83.58
38.52,-83.54
38.52,-83.5
38.52,-83.46
38.52,-83.42
38.52,-83.38
38.52,-83.34
38.52,-83.3
38.52,-83.26
38.52,-83.22
38.52,-83.18
38.52,-83.14
38.52,-83.1
38.52,-83.06
38.52,-83.02
38.52,-82.98
38.52,-82.94
38.52,-82.9
38.52,-82.86
38.52,-82.82
38.52,-82.78
38.52,-82.74
38.52,-82.7
38.52,-82.66
38.48,-85.54
38.48,-85.5
38.48,-85.46
38.48,-85.42
38.48,-85.38
38.48,-85.34
38.48,-85.3
38.48,-85.26
38.48,-85.22
38.48,-85.18
38.48,-85.14
38.48,-85.1
38.48,-85.06
38.48,-85.02
38.48,-84.98
38.48,-84.94
38.48,-84.9
38.48,-84.86
38.48,-84.82
38.48,-84.78
38.48,-84.74
38.48,-84.7
38.48,-84.66
38.48,-84.62
38.48,-84.58
38.48,-84.54
38.48,-84.5
38.48,-84.46
38.48,-84.42
38.48,-84.38
38.48,-84.34
38.48,-84.3
38.48,-84.26
38.48,-84.22
38.48,-84.18
38.48,-84.14
38.48,-84.1
38.48,-84.06
38.48,-84.02
38.48,-83.98
38.48,-83.94
38.48,-83.9
38.48,-83.86
38.48,-83.82
38.48,-83.78
38.48,-83.74
38.48,-83.7
38.48,-83.66
38.48,-83.62
38.48,-83.58
38.48,-83.54
38.48,-83.5
38.48,-83.46
38.48,-83.42
38.48,-83.38
38.48,-83.34
38.48,-83.3
38.48,-83.26
38.48,-83.22
38.48,-83.18
38.48,-83.14
38.48,-83.1
38.48,-83.06
38.48,-83.02
38.48,-82.98
38.48,-82.94
38.48,-82.9
38.48,-82.86
38.48,-82.82
38.48,-82.78
38.48,-82.74
38.48,-82.7
38.48,-82.66
38.48,-82.62
38.44,-85.62
38.44,-85.58
38.44,-85.54
38.44,-85.5
38.44,-85.46
38.44,-85.42
38.44,-85.38
38.44,-85.34
38.44,-85.3
38.44,-85.26
38.44,-85.22
38.44,-85.18
38.44,-85.14
38.44,-85.1
38.44,-85.06
38.44,-85.02
38.44,-84.98
38.44,-84.94
38.44,-84.9
38.44,-84.86
38.44,-84.82
38.44,-84.78
38.44,-84.74
38.44,-84.7
38.44,-84.66
38.44,-84.62
38.44,-84.58
38.44,-84.54
38.44,-84.5
38.44,-84.46
38.44,-84.42
38.44,-84.38
38.44,-84.34
38.44,-84.3
38.44,-84.26
38.44,-84.22
38.44,-84.18
38.44,-84.14
38.44,-84.1
38.44,-84.06
38.44,-84.02
38.44,-83.98
38.44,-83.94
38.44,-83.9
38.44,-83.86
38.44,-83.82
38.44,-83.78
38.44,-83.74
38.44,-83.7
38.44,-83.66
38.44,-83.62
38.44,-83.58
38.44,-83.54
38.44,-83.5
38.44,-83.46
38.44,-83.42
38.44,-83.38
38.44,-83.34
38.44,-83.3
38.44,-83.26
38.44,-83.22
38.44,-83.18
38.44,-83.14
38.44,-83.1
38.44,-83.06
38.44,-83.02
38.44,-82.98
38.44,-82.94
38.44,-82.9
38.44,-82.86
38.44,-82.82
38.44,-82.78
38.44,-82.74
38.44,-82.7
38.44,-82.66
38.44,-82.62
38.44,-82.58
38.4,-85.66
38.4,-85.62
38.4,-85.58
38.4,-85.54
38.4,-85.5
38.4,-85.46
38.4,-85.42
38.4,-85.38
38.4,-85.34
38.4,-85.3
38.4,-85.26
38.4,-85.22
38.4,-85.18
38.4,-85.14
38.4,-85.1
38.4,-85.06
38.4,-85.02
38.4,-84.98
38.4,-84.94
38.4,-84.9
38.4,-84.86
38.4,-84.82
38.4,-84.78
38.4,-84.74
38.4,-84.7
38.4,-84.66
38.4,-84.62
38.4,-84.58
38.4,-84.54
38.4,-84.5
38.4,-84.46
38.4,-84.42
38.4,-84.38
38.4,-84.34
38.4,-84.3
38.4,-84.26
38.4,-84.22
38.4,-84.18
38.4,-84.14
38.4,-84.1
38.4,-84.06
38.4,-84.02
38.4,-83.98
38.4,-83.94
38.4,-83.9
38.4,-83.86
38.4,-83.82
38.4,-83.78
38.4,-83.74
38.4,-83.7
38.4,-83.66
38.4,-83.62
38.4,-83.58
38.4,-83.54
38.4,-83.5
38.4,-83.46
38.4,-83.42
38.4,-83.38
38.4,-83.34
38.4,-83.3
38.4,-83.26
38.4,-83.22
38.4,-83.18
38.4,-83.14
38.4,-83.1
38.4,-83.06
38.4,-83.02
38.4,-82.98
38.4,-82.94
38.4,-82.9
38.4,-82.86
38.4,-82.82
38.4,-82.78
38.4,-82.74
38.4,-82.7
38.4,-82.66
38.4,-82.62
38.4,-82.58
38.36,-85.66
38.36,-85.62
38.36,-85.58
38.36,-85.54
38.36,-85.5
38.36,-85.46
38.36,-85.42
38.36,-85.38
38.36,-85.34
38.36,-85.3
38.36,-85.26
38.36,-85.22
38.36,-85.18
38.36,-85.14
38.36,-85.1
38.36,-85.06
38.36,-85.02
38.36,-84.98
38.36,-84.94
38.36,-84.9
38.36,-84.86
38.36,-84.82
38.36,-84.78
38.36,-84.74
38.36,-84.7
38.36,-84.66
38.36,-84.62
38.36,-84.58
38.36,-84.54
38.36,-84.5
38.36,-84.46
38.36,-84.42
38.36,-84.38
38.36,-84.34
38.36,-84.3
38.36,-84.26
38.36,-84.22
38.36,-84.18
38.36,-84.14
38.36,-84.1
38.36,-84.06
38.36,-84.02
38.36,-83.98
38.36,-83.94
38.36,-83.9
38.36,-83.86
38.36,-83.82
38.36,-83.78
38.36,-83.74
38.36,-83.7
38.36,-83.66
38.36,-83.62
38.36,-83.58
38.36,-83.54
38.36,-83.5
38.36,-83.46
38.36,-83.42
38.36,-83.38
38.36,-83.34
38.36,-83.3
38.36,-83.26
38.36,-83.22
38.36,-83.18
38.36,-83.14
38.36,-83.1
38.36,-83.06
38.36,-83.02
38.36,-82.98
38.36,-82.94
38.36,-82.9
38.36,-82.86
38.36,-82.82
38.36,-82.78
38.36,-82.74
38.36,-82.7
38.36,-82.66
38.36,-82.62
38.36,-82.58
38.32,-85.66
38.32,-85.62
38.32,-85.58
38.32,-85.54
38.32,-85.5
38.32,-85.46
38.32,-85.42
38.32,-85.38
38.32,-85.34
38.32,-85.3
38.32,-85.26
38.32,-85.22
38.32,-85.18
38.32,-85.14
38.32,-85.1
38.32,-85.06
38.32,-85.02
38.32,-84.98
38.32,-84.94
38.32,-84.9
38.32,-84.86
38.32,-84.82
38.32,-84.78
38.32,-84.74
38.32,-84.7
38.32,-84.66
38.32,-84.62
38.32,-84.58
38.32,-84.54
38.32,-84.5
38.32,-84.46
38.32,-84.42
38.32,-84.38
38.32,-84.34
38.32,-84.3
38.32,-84.26
38.32,-84.22
38.32,-84.18
38.32,-84.14
38.32,-84.1
38.32,-84.06
38.32,-84.02
38.32,-83.98
38.32,-83.94
38.32,-83.9
38.32,-83.86
38.32,-83.82
38.32,-83.78
38.32,-83.74
38.32,-83.7
38.32,-83.66
38.32,-83.62
38.32,-83.58
38.32,-83.54
38.32,-83.5
38.32,-83.46
38.32,-83.42
38.32,-83.38
38.32,-83.34
38.32,-83.3
38.32,-83.26
38.32,-83.22
38.32,-83.18
38.32,-83.14
38.32,-83.1
38.32,-83.06
38.32,-83.02
38.32,-82.98
38.32,-82.94
38.32,-82.9
38.32,-82.86
38.32,-82.82
38.32,-82.78
38.32,-82.74
38.32,-82.7
38.32,-82.66
38.32,-82.62
38.32,-82.58
38.28,-85.86
38.28,-85.82
38.28,-85.78
38.28,-85.74
38.28,-85.7
38.28,-85.66
38.28,-85.62
38.28,-85.58
38.28,-85.54
38.28,-85.5
38.28,-85.46
38.28,-85.42
38.28,-85.38
38.28,-85.34
38.28,-85.3
38.28,-85.26
38.28,-85.22
38.28,-85.18
38.28,-85.14
38.28,-85.1
38.28,-85.06
38.28,-85.02
38.28,-84.98
38.28,-84.94
38.28,-84.9
38.28,-84.86
38.28,-84.82
38.28,-84.78
38.28,-84.74
38.28,-84.7
38.28,-84.66
38.28,-84.62
38.28,-84.58
38.28,-84.54
38.28,-84.5
38.28,-84.46
38.28,-84.42
38.28,-84.38
38.28,-84.34
38.28,-84.3
38.28,-84.26
38.28,-84.22
38.28,-84.18
38.28,-84.14
38.28,-84.1
38.28,-84.06
38.28,-84.02
38.28,-83.98
38.28,-83.94
38.28,-83.9
38.28,-83.86
38.28,-83.82
38.28,-83.78
38.28,-83.74
38.28,-83.7
38.28,-83.66
38.28,-83.62
38.28,-83.58
38.28,-83.54
38.28,-83.5
38.28,-83.46
38.28,-83.42
38.28,-83.38
38.28,-83.34
38.28,-83.3
38.28,-83.26
38.28,-83.22
38.28,-83.18
38.28,-83.14
38.28,-83.1
38.28,-83.06
38.28,-83.02
38.28,-82.98
38.28,-82.94
38.28,-82.9
38.28,-82.86
38.28,-82.82
38.28,-82.78
38.28,-82.74
38.28,-82.7
38.28,-82.66
38.28,-82.62
38.28,-82.58
38.24,-85.86
38.24,-85.82
38.24,-85.78
38.24,-85.74
38.24,-85.7
38.24,-85.66
38.24,-85.62
38.24,-85.58
38.24,-85.54
38.24,-85.5
38.24,-85.46
38.24,-85.42
38.24,-85.38
38.24,-85.34
38.24,-85.3
38.24,-85.26
38.24,-85.22
38.24,-85.18
38.24,-85.14
38.24,-85.1
38.24,-85.06
38.24,-85.02
38.24,-84.98
38.24,-84.94
38.24,-84.9
38.24,-84.86
38.24,-84.82
38.24,-84.78
38.24,-84.74
38.24,-84.7
38.24,-84.66
38.24,-84.62
38.24,-84.58
38.24,-84.54
38.24,-84.5
38.24,-84.46
38.24,-84.42
38.24,-84.38
38.24,-84.34
38.24,-84.3
38.24,-84.26
38.24,-84.22
38.24,-84.18
38.24,-84.14
38.24,-84.1
38.24,-84.06
38.24,-84.02
38.24,-83.98
38.24,-83.94
38.24,-83.9
38.24,-83.86
38.24,-83.82
38.24,-83.78
38.24,-83.74
38.24,-83.7
38.24,-83.66
38.24,-83.62
38.24,-83.58
38.24,-83.54
38.24,-83.5
38.24,-83.46
38.24,-83.42
38.24,-83.38
38.24,-83.34
38.24,-83.3
38.24,-83.26
38.24,-83.22
38.24,-83.18
38.24,-83.14
38.24,-83.1
38.24,-83.06
38.24,-83.02
38.24,-82.98
38.24,-82.94
38.24,-82.9
38.24,-82.86
38.24,-82.82
38.24,-82.78
38.24,-82.74
38.24,-82.7
38.24,-82.66
38.24,-82.62
38.24,-82.58
38.2,-86.38
38.2,-86.34
38.2,-85.9
38.2,-85.86
38.2,-85.82
38.2,-85.78
38.2,-85.74
38.2,-85.7
38.2,-85.66
38.2,-85.62
38.2,-85.58
38.2,-85.54
38.2,-85.5
38.2,-85.46
38.2,-85.42
38.2,-85.38
38.2,-85.34
38.2,-85.3
38.2,-85.26
38.2,-85.22
38.2,-85.18
38.2,-85.14
38.2,-85.1
38.2,-85.06
38.2,-85.02
38.2,-84.98
38.2,-84.94
38.2,-84.9
38.2,-84.86
38.2,-84.82
38.2,-84.78
38.2,-84.74
38.2,-84.7
38.2,-84.66
38.2,-84.62
38.2,-84.58
38.2,-84.54
38.2,-84.5
38.2,-84.46
38.2,-84.42
38.2,-84.38
38.2,-84.34
38.2,-84.3
38.2,-84.26
38.2,-84.22
38.2,-84.18
38.2,-84.14
38.2,-84.1
38.2,-84.06
38.2,-84.02
38.2,-83.98
38.2,-83.94
38.2,-83.9
38.2,-83.86
38.2,-83.82
38.2,-83.78
38.2,-83.74
38.2,-83.7
38.2,-83.66
38.2,-83.62
38.2,-83.58
38.2,-83.54
38.2,-83.5
38.2,-83.46
38.2,-83.42
38.2,-83.38
38.2,-83.34
38.2,-83.3
38.2,-83.26
38.2,-83.22
38.2,-83.18
38.2,-83.14
38.2,-83.1
38.2,-83.06
38.2,-83.02
38.2,-82.98
38.2,-82.94
38.2,-82.9
38.2,-82.86
38.2,-82.82
38.2,-82.78
38.2,-82.74
38.2,-82.7
38.2,-82.66
38.2,-82.62
38.16,-86.38
38.16,-86.34
38.16,-86.3
38.16,-86.26
38.16,-85.9
38.16,-85.86
38.16,-85.82
38.16,-85.78
38.16,-85.74
38.16,-85.7
38.16,-85.66
38.16,-85.62
38.16,-85.58
38.16,-85.54
38.16,-85.5
38.16,-85.46
38.16,-85.42
38.16,-85.38
38.16,-85.34
38.16,-85.3
38.16,-85.26
38.16,-85.22
38.16,-85.18
38.16,-85.14
38.16,-85.1
38.16,-85.06
38.16,-85.02
38.16,-84.98
38.16,-84.94
38.16,-84.9
38.16,-84.86
38.16,-84.82
38.16,-84.78
38.16,-84.74
38.16,-84.7
38.16,-84.66
38.16,-84.62
38.16,-84.58
38.16,-84.54
38.16,-84.5
38.16,-84.46
38.16,-84.42
38.16,-84.38
38.16,-84.34
38.16,-84.3
38.16,-84.26
38.16,-84.22
38.16,-84.18
38.16,-84.14
38.16,-84.1
38.16,-84.06
38.16,-84.02
38.16,-83.98
38.16,-83.94
38.16,-83.9
38.16,-83.86
38.16,-83.82
38.16,-83.78
38.16,-83.74
38.16,-83.7
38.16,-83.66
38.16,-83.62
38.16,-83.58
38.16,-83.54
38.16,-83.5
38.16,-83.46
38.16,-83.42
38.16,-83.38
38.16,-83.34
38.16,-83.3
38.16,-83.26
38.16,-83.22
38.16,-83.18
38.16,-83.14
38.16,-83.1
38.16,-83.06
38.16,-83.02
38.16,-82.98
38.16,-82.94
38.16,-82.9
38.16,-82.86
38.16,-82.82
38.16,-82.78
38.16,-82.74
38.16,-82.7
38.16,-82.66
38.16,-82.62
38.12,-86.46
38.12,-86.42
38.12,-86.38
38.12,-86.34
38.12,-86.3
38.12,-86.26
38.12,-85.9
38.12,-85.86
38.12,-85.82
38.12,-85.78
38.12,-85.74
38.12,-85.7
38.12,-85.66
38.12,-85.62
38.12,-85.58
38.12,-85.54
38.12,-85.5
38.12,-85.46
38.12,-85.42
38.12,-85.38
38.12,-85.34
38.12,-85.3
38.12,-85.26
38.12,-85.22
38.12,-85.18
38.12,-85.14
38.12,-85.1
38.12,-85.06
38.12,-85.02
38.12,-84.98
38.12,-84.94
38.12,-84.9
38.12,-84.86
38.12,-84.82
38.12,-84.78
38.12,-84.74
38.12,-84.7
38.12,-84.66
38.12,-84.62
38.12,-84.58
38.12,-84.54
38.12,-84.5
38.12,-84.46
38.12,-84.42
38.12,-84.38
38.12,-84.34
38.12,-84.3
38.12,-84.26
38.12,-84.22
38.12,-84.18
38.12,-84.14
38.12,-84.1
38.12,-84.06
38.12,-84.02
38.12,-83.98
38.12,-83.94
38.12,-83.9
38.12,-83.86
38.12,-83.82
38.12,-83.78
38.12,-83.74
38.12,-83.7
38.12,-83.66
38.12,-83.62
38.12,-83.58
38.12,-83.54
38.12,-83.5
38.12,-83.46
38.12,-83.42
38.12,-83.38
38.12,-83.34
38.12,-83.3
38.12,-83.26
38.12,-83.22
38.12,-83.18
38.12,-83.14
38.12,-83.1
38.12,-83.06
38.12,-83.02
38.12,-82.98
38.12,-82.94
38.12,-82.9
38.12,-82.86
38.12,-82.82
38.12,-82.78
38.12,-82.74
38.12,-82.7
38.12,-82.66
38.12,-82.62
38.12,-82.58
38.08,-86.46
38.08,-86.42
38.08,-86.38
38.08,-86.34
38.08,-86.3
38.08,-86.26
38.08,-85.94
38.08,-85.9
38.08,-85.86
38.08,-85.82
38.08,-85.78
38.08,-85.74
38.08,-85.7
38.08,-85.66
38.08,-85.62
38.08,-85.58
38.08,-85.54
38.08,-85.5
38.08,-85.46
38.08,-85.42
38.08,-85.38
38.08,-85.34
38.08,-85.3
38.08,-85.26
38.08,-85.22
38.08,-85.18
38.08,-85.14
38.08,-85.1
38.08,-85.06
38.08,-85.02
38.08,-84.98
38.08,-84.94
38.08,-84.9
38.08,-84.86
38.08,-84.82
38.08,-84.78
38.08,-84.74
38.08,-84.7
38.08,-84.66
38.08,-84.62
38.08,-84.58
38.08,-84.54
38.08,-84.5
38.08,-84.46
38.08,-84.42
38.08,-84.38
38.08,-84.34
38.08,-84.3
38.08,-84.26
38.08,-84.22
38.08,-84.18
38.08,-84.14
38.08,-84.1
38.08,-84.06
38.08,-84.02
38.08,-83.98
38.08,-83.94
38.08,-83.9
38.08,-83.86
38.08,-83.82
38.08,-83.78
38.08,-83.74
38.08,-83.7
38.08,-83.66
38.08,-83.62
38.08,-83.58
38.08,-83.54
38.08,-83.5
38.08,-83.46
38.08,-83.42
38.08,-83.38
38.08,-83.34
38.08,-83.3
38.08,-83.26
38.08,-83.22
38.08,-83.18
38.08,-83.14
38.08,-83.1
38.08,-83.06
38.08,-83.02
38.08,-82.98
38.08,-82.94
38.08,-82.9
38.08,-82.86
38.08,-82.82
38.08,-82.78
38.08,-82.74
38.08,-82.7
38.08,-82.66
38.08,-82.62
38.08,-82.58
38.08,-82.54
38.04,-86.54
38.04,-86.5
38.04,-86.46
38.04,-86.42
38.04,-86.38
38.04,-86.34
38.04,-86.3
38.04,-86.26
38.04,-86.22
38.04,-85.94
38.04,-85.9
38.04,-85.86
38.04,-85.82
38.04,-85.78
38.04,-85.74
38.04,-85.7
38.04,-85.66
38.04,-85.62
38.04,-85.58
38.04,-85.54
38.04,-85.5
38.04,-85.46
38.04,-85.42
38.04,-85.38
38.04,-85.34
38.04,-85.3
38.04,-85.26
38.04,-85.22
38.04,-85.18
38.04,-85.14
38.04,-85.1
38.04,-85.06
38.04,-85.02
38.04,-84.98
38.04,-84.94
38.04,-84.9
38.04,-84.86
38.04,-84.82
38.04,-84.78
38.04,-84.74
38.04,-84.7
38.04,-84.66
38.04,-84.62
38.04,-84.58
38.04,-84.54
38.04,-84.5
38.04,-84.46
38.04,-84.42
38.04,-84.38
38.04,-84.34
38.04,-84.3
38.04,-84.26
38.04,-84.22
38.04,-84.18
38.04,-84.14
38.04,-84.1
38.04,-84.06
38.04,-84.02
38.04,-83.98
38.04,-83.94
38.04,-83.9
38.04,-83.86
38.04,-83.82
38.04,-83.78
38.04,-83.74
38.04,-83.7
38.04,-83.66
38.04,-83.62
38.04,-83.58
38.04,-83.54
38.04,-83.5
38.04,-83.46
38.04,-83.42
38.04,-83.38
38.04,-83.34
38.04,-83.3
38.04,-83.26
38.04,-83.22
38.04,-83.18
38.04,-83.14
38.04,-83.1
38.04,-83.06
38.04,-83.02
38.04,-82.98
38.04,-82.94
38.04,-82.9
38.04,-82.86
38.04,-82.82
38.04,-82.78
38.04,-82.74
38.04,-82.7
38.04,-82.66
38.04,-82.62
38.04,-82.58
38.04,-82.54
38.0,-86.86
38.0,-86.82
38.0,-86.78
38.0,-86.54
38.0,-86.5
38.0,-86.46
38.0,-86.42
38.0,-86.38
38.0,-86.34
38.0,-86.3
38.0,-86.26
38.0,-86.22
38.0,-86.18
38.0,-86.14
38.0,-86.1
38.0,-86.06
38.0,-86.02
38.0,-85.98
38.0,-85.94
38.0,-85.9
38.0,-85.86
38.0,-85.82
38.0,-85.78
38.0,-85.74
38.0,-85.7
38.0,-85.66
38.0,-85.62
38.0,-85.58
38.0,-85.54
38.0,-85.5
38.0,-85.46
38.0,-85.42
38.0,-85.38
38.0,-85.34
38.0,-85.3
38.0,-85.26
38.0,-85.22
38.0,-85.18
38.0,-85.14
38.0,-85.1
38.0,-85.06
38.0,-85.02
38.0,-84.98
38.0,-84.94
38.0,-84.9
38.0,-84.86
38.0,-84.82
38.0,-84.78
38.0,-84.74
38.0,-84.7
38.0,-84.66
38.0,-84.62
38.0,-84.58
38.0,-84.54
38.0,-84.5
38.0,-84.46
38.0,-84.42
38.0,-84.38
38.0,-84.34
38.0,-84.3
38.0,-84.26
38.0,-84.22
38.0,-84.18
38.0,-84.14
38.0,-84.1
38.0,-84.06
38.0,-84.02
38.0,-83.98
38.0,-83.94
38.0,-83.9
38.0,-83.86
38.0,-83.82
38.0,-83.78
38.0,-83.74
38.0,-83.7
38.0,-83.66
38.0,-83.62
38.0,-83.58
38.0,-83.54
38.0,-83.5
38.0,-83.46
38.0,-83.42
38.0,-83.38
38.0,-83.34
38.0,-83.3
38.0,-83.26
38.0,-83.22
38.0,-83.18
38.0,-83.14
38.0,-83.1
38.0,-83.06
38.0,-83.02
38.0,-82.98
38.0,-82.94
38.0,-82.9
38.0,-82.86
38.0,-82.82
38.0,-82.78
38.0,-82.74
38.0,-82.7
38.0,-82.66
38.0,-82.62
38.0,-82.58
38.0,-82.54
38.0,-82.5
38.0,-82.46
37.96,-87.62
37.96,-87.58
37.96,-87.46
37.96,-87.42
37.96,-86.9
37.96,-86.86
37.96,-86.82
37.96,-86.78
37.96,-86.54
37.96,-86.5
37.96,-86.46
37.96,-86.42
37.96,-86.38
37.96,-86.34
37.96,-86.3
37.96,-86.26
37.96,-86.22
37.96,-86.18
37.96,-86.14
37.96,-86.1
37.96,-86.06
37.96,-86.02
37.96,-85.98
37.96,-85.94
37.96,-85.9
37.96,-85.86
37.96,-85.82
37.96,-85.78
37.96,-85.74
37.96,-85.7
37.96,-85.66
37.96,-85.62
37.96,-85.58
37.96,-85.54
37.96,-85.5
37.96,-85.46
37.96,-85.42
37.96,-85.38
37.96,-85.34
37.96,-85.3
37.96,-85.26
37.96,-85.22
37.96,-85.18
37.96,-85.14
37.96,-85.1
37.96,-85.06
37.96,-85.02
37.96,-84.98
37.96,-84.94
37.96,-84.9
37.96,-84.86
37.96,-84.82
37.96,-84.78
37.96,-84.74
37.96,-84.7
37.96,-84.66
37.96,-84.62
37.96,-84.58
37.96,-84.54
37.96,-84.5
37.96,-84.46
37.96,-84.42
37.96,-84.38
37.96,-84.34
37.96,-84.3
37.96,-84.26
37.96,-84.22
37.96,-84.18
37.96,-84.14
37.96,-84.1
37.96,-84.06
37.96,-84.02
37.96,-83.98
37.96,-83.94
37.96,-83.9
37.96,-83.86
37.96,-83.82
37.96,-83.78
37.96,-83.74
37.96,-83.7
37.96,-83.66
37.96,-83.62
37.96,-83.58
37.96,-83.54
37.96,-83.5
37.96,-83.46
37.96,-83.42
37.96,-83.38
37.96,-83.34
37.96,-83.3
37.96,-83.26
37.96,-83.22
37.96,-83.18
37.96,-83.14
37.96,-83.1
37.96,-83.06
37.96,-83.02
37.96,-82.98
37.96,-82.94
37.96,-82.9
37.96,-82.86
37.96,-82.82
37.96,-82.78
37.96,-82.74
37.96,-82.7
37.96,-82.66
37.96,-82.62
37.96,-82.58
37.96,-82.54
37.96,-82.5
37.96,-82.46
37.92,-87.94
37.92,-87.9
37.92,-87.86
37.92,-87.7
37.92,-87.66
37.92,-87.62
37.92,-87.58
37.92,-87.54
37.92,-87.5
37.92,-87.46
37.92,-87.42
37.92,-87.38
37.92,-87.34
37.92,-87.3
37.92,-87.06
37.92,-87.02
37.92,-86.98
37.92,-86.94
37.92,-86.9
37.92,-86.86
37.92,-86.82
37.92,-86.78
37.92,-86.74
37.92,-86.7
37.92,-86.66
37.92,-86.62
37.92,-86.58
37.92,-86.54
37.92,-86.5
37.92,-86.46
37.92,-86.42
37.92,-86.38
37.92,-86.34
37.92,-86.3
37.92,-86.26
37.92,-86.22
37.92,-86.18
37.92,-86.14
37.92,-86.1
37.92,-86.06
37.92,-86.02
37.92,-85.98
37.92,-85.94
37.92,-85.9
37.92,-85.86
37.92,-85.82
37.92,-85.78
37.92,-85.74
37.92,-85.7
37.92,-85.66
37.92,-85.62
37.92,-85.58
37.92,-85.54
37.92,-85.5
37.92,-85.46
37.92,-85.42
37.92,-85.38
37.92,-85.34
37.92,-85.3
37.92,-85.26
37.92,-85.22
37.92,-85.18
37.92,-85.14
37.92,-85.1
37.92,-85.06
37.92,-85.02
37.92,-84.98
37.92,-84.94
37.92,-84.9
37.92,-84.86
37.92,-84.82
37.92,-84.78
37.92,-84.74
37.92,-84.7
37.92,-84.66
37.92,-84.62
37.92,-84.58
37.92,-84.54
37.92,-84.5
37.92,-84.46
37.92,-84.42
37.92,-84.38
37.92,-84.34
37.92,-84.3
37.92,-84.26
37.92,-84.22
37.92,-84.18
37.92,-84.14
37.92,-84.1
37.92,-84.06
37.92,-84.02
37.92,-83.98
37.92,-83.94
37.92,-83.9
37.92,-83.86
37.92,-83.82
37.92,-83.78
37.92,-83.74
37.92,-83.7
37.92,-83.66
37.92,-83.62
37.92,-83.58
37.92,-83.54
37.92,-83.5
37.92,-83.46
37.92,-83.42
37.92,-83.38
37.92,-83.34
37.92,-83.3
37.92,-83.26
37.92,-83.22
37.92,-83.18
37.92,-83.14
37.92,-83.1
37.92,-83.06
37.92,-83.02
37.92,-82.98
37.92,-82.94
37.92,-82.9
37.92,-82.86
37.92,-82.82
37.92,-82.78
37.92,-82.74
37.92,-82.7
37.92,-82.66
37.92,-82.62
37.92,-82.58
37.92,-82.54
37.92,-82.5
37.92,-82.46
37.88,-87.94
37.88,-87.9
37.88,-87.86
37.88,-87.82
37.88,-87.78
37.88,-87.74
37.88,-87.7
37.88,-87.66
37.88,-87.62
37.88,-87.58
37.88,-87.54
37.88,-87.5
37.88,-87.46
37.88,-87.42
37.88,-87.38
37.88,-87.34
37.88,-87.3
37.88,-87.26
37.88,-87.06
37.88,-87.02
37.88,-86.98
37.88,-86.94
37.88,-86.9
37.88,-86.86
37.88,-86.82
37.88,-86.78
37.88,-86.74
37.88,-86.7
37.88,-86.66
37.88,-86.62
37.88,-86.58
37.88,-86.54
37.88,-86.5
37.88,-86.46
37.88,-86.42
37.88,-86.38
37.88,-86.34
37.88,-86.3
37.88,-86.26
37.88,-86.22
37.88,-86.18
37.88,-86.14
37.88,-86.1
37.88,-86.06
37.88,-86.02
37.88,-85.98
37.88,-85.94
37.88,-85.9
37.88,-85.86
37.88,-85.82
37.88,-85.78
37.88,-85.74
37.88,-85.7
37.88,-85.66
37.88,-85.62
37.88,-85.58
37.88,-85.54
37.88,-85.5
37.88,-85.46
37.88,-85.42
37.88,-85.38
37.88,-85.34
37.88,-85.3
37.88,-85.26
37.88,-85.22
37.88,-85.18
37.88,-85.14
37.88,-85.1
37.88,-85.06
37.88,-85.02
37.88,-84.98
37.88,-84.94
37.88,-84.9
37.88,-84.86
37.88,-84.82
37.88,-84.78
37.88,-84.74
37.88,-84.7
37.88,-84.66
37.88,-84.62
37.88,-84.58
37.88,-84.54
37.88,-84.5
37.88,-84.46
37.88,-84.42
37.88,-84.38
37.88,-84.34
37.88,-84.3
37.88,-84.26
37.88,-84.22
37.88,-84.18
37.88,-84.14
37.88,-84.1
37.88,-84.06
37.88,-84.02
37.88,-83.98
37.88,-83.94
37.88,-83.9
37.88,-83.86
37.88,-83.82
37.88,-83.78
37.88,-83.74
37.88,-83.7
37.88,-83.66
37.88,-83.62
37.88,-83.58
37.88,-83.54
37.88,-83.5
37.88,-83.46
37.88,-83.42
37.88,-83.38
37.88,-83.34
37.88,-83.3
37.88,-83.26
37.88,-83.22
37.88,-83.18
37.88,-83.14
37.88,-83.1
37.88,-83.06
37.88,-83.02
37.88,-82.98
37.88,-82.94
37.88,-82.9
37.88,-82.86
37.88,-82.82
37.88,-82.78
37.88,-82.74
37.88,-82.7
37.88,-82.66
37.88,-82.62
37.88,-82.58
37.88,-82.54
37.88,-82.5
37.88,-82.46
37.88,-82.42
37.84,-87.94
37.84,-87.9
37.84,-87.86
37.84,-87.82
37.84,-87.78
37.84,-87.74
37.84,-87.7
37.84,-87.66
37.84,-87.62
37.84,-87.58
37.84,-87.54
37.84,-87.5
37.84,-87.46
37.84,-87.42
37.84,-87.38
37.84,-87.34
37.84,-87.3
37.84,-87.26
37.84,-87.22
37.84,-87.18
37.84,-87.14
37.84,-87.06
37.84,-87.02
37.84,-86.98
37.84,-86.94
37.84,-86.9
37.84,-86.86
37.84,-86.82
37.84,-86.78
37.84,-86.74
37.84,-86.7
37.84,-86.66
37.84,-86.62
37.84,-86.58
37.84,-86.54
37.84,-86.5
37.84,-86.46
37.84,-86.42
37.84,-86.38
37.84,-86.34
37.84,-86.3
37.84,-86.26
37.84,-86.22
37.84,-86.18
37.84,-86.14
37.84,-86.1
37.84,-86.06
37.84,-86.02
37.84,-85.98
37.84,-85.94
37.84,-85.9
37.84,-85.86
37.84,-85.82
37.84,-85.78
37.84,-85.74
37.84,-85.7
37.84,-85.66
37.84,-85.62
37.84,-85.58
37.84,-85.54
37.84,-85.5
37.84,-85.46
37.84,-85.42
37.84,-85.38
37.84,-85.34
37.84,-85.3
37.84,-85.26
37.84,-85.22
37.84,-85.18
37.84,-85.14
37.84,-85.1
37.84,-85.06
37.84,-85.02
37.84,-84.98
37.84,-84.94
37.84,-84.9
37.84,-84.86
37.84,-84.82
37.84,-84.78
37.84,-84.74
37.84,-84.7
37.84,-84.66
37.84,-84.62
37.84,-84.58
37.84,-84.54
37.84,-84.5
37.84,-84.46
37.84,-84.42
37.84,-84.38
37.84,-84.34
37.84,-84.3
37.84,-84.26
37.84,-84.22
37.84,-84.18
37.84,-84.14
37.84,-84.1
37.84,-84.06
37.84,-84.02
37.84,-83.98
37.84,-83.94
37.84,-83.9
37.84,-83.86
37.84,-83.82
37.84,-83.78
37.84,-83.74
37.84,-83.7
37.84,-83.66
37.84,-83.62
37.84,-83.58
37.84,-83.54
37.84,-83.5
37.84,-83.46
37.84,-83.42
37.84,-83.38
37.84,-83.34
37.84,-83.3
37.84,-83.26
37.84,-83.22
37.84,-83.18
37.84,-83.14
37.84,-83.1
37.84,-83.06
37.84,-83.02
37.84,-82.98
37.84,-82.94
37.84,-82.9
37.84,-82.86
37.84,-82.82
37.84,-82.78
37.84,-82.74
37.84,-82.7
37.84,-82.66
37.84,-82.62
37.84,-82.58
37.84,-82.54
37.84,-82.5
37.84,-82.46
37.84,-82.42
37.84,-82.38
37.8,-88.06
37.8,-88.02
37.8,-87.98
37.8,-87.94
37.8,-87.9
37.8,-87.86
37.8,-87.82
37.8,-87.78
37.8,-87.74
37.8,-87.7
37.8,-87.66
37.8,-87.62
37.8,-87.58
37.8,-87.54
37.8,-87.5
37.8,-87.46
37.8,-87.42
37.8,-87.38
37.8,-87.34
37.8,-87.3
37.8,-87.26
37.8,-87.22
37.8,-87.18
37.8,-87.14
37.8,-87.1
37.8,-87.06
37.8,-87.02
37.8,-86.98
37.8,-86.94
37.8,-86.9
37.8,-86.86
37.8,-86.82
37.8,-86.78
37.8,-86.74
37.8,-86.7
37.8,-86.66
37.8,-86.62
37.8,-86.58
37.8,-86.54
37.8,-86.5
37.8,-86.46
37.8,-86.42
37.8,-86.38
37.8,-86.34
37.8,-86.3
37.8,-86.26
37.8,-86.22
37.8,-86.18
37.8,-86.14
37.8,-86.1
37.8,-86.06
37.8,-86.02
37.8,-85.98
37.8,-85.94
37.8,-85.9
37.8,-85.86
37.8,-85.82
37.8,-85.78
37.8,-85.74
37.8,-85.7
37.8,-85.66
37.8,-85.62
37.8,-85.58
37.8,-85.54
37.8,-85.5
37.8,-85.46
37.8,-85.42
37.8,-85.38
37.8,-85.34
37.8,-85.3
37.8,-85.26
37.8,-85.22
37.8,-85.18
37.8,-85.14
37.8,-85.1
37.8,-85.06
37.8,-85.02
37.8,-84.98
37.8,-84.94
37.8,-84.9
37.8,-84.86
37.8,-84.82
37.8,-84.78
37.8,-84.74
37.8,-84.7
37.8,-84.66
37.8,-84.62
37.8,-84.58
37.8,-84.54
37.8,-84.5
37.8,-84.46
37.8,-84.42
37.8,-84.38
37.8,-84.34
37.8,-84.3
37.8,-84.26
37.8,-84.22
37.8,-84.18
37.8,-84.14
37.8,-84.1
37.8,-84.06
37.8,-84.02
37.8,-83.98
37.8,-83.94
37.8,-83.9
37.8,-83.86
37.8,-83.82
37.8,-83.78
37.8,-83.74
37.8,-83.7
37.8,-83.66
37.8,-83.62
37.8,-83.58
37.8,-83.54
37.8,-83.5
37.8,-83.46
37.8,-83.42
37.8,-83.38
37.8,-83.34
37.8,-83.3
37.8,-83.26
37.8,-83.22
37.8,-83.18
37.8,-83.14
37.8,-83.1
37.8,-83.06
37.8,-83.02
37.8,-82.98
37.8,-82.94
37.8,-82.9
37.8,-82.86
37.8,-82.82
37.8,-82.78
37.8,-82.74
37.8,-82.7
37.8,-82.66
37.8,-82.62
37.8,-82.58
37.8,-82.54
37.8,-82.5
37.8,-82.46
37.8,-82.42
37.8,-82.38
37.8,-82.34
37.76,-88.06
37.76,-88.02
37.76,-87.98
37.76,-87.94
37.76,-87.9
37.76,-87.86
37.76,-87.82
37.76,-87.78
37.76,-87.74
37.76,-87.7
37.76,-87.66
37.76,-87.62
37.76,-87.58
37.76,-87.54
37.76,-87.5
37.76,-87.46
37.76,-87.42
37.76,-87.38
37.76,-87.34
37.76,-87.3
37.76,-87.26
37.76,-87.22
37.76,-87.18
37.76,-87.14
37.76,-87.1
37.76,-87.06
37.76,-87.02
37.76,-86.98
37.76,-86.94
37.76,-86.9
37.76,-86.86
37.76,-86.82
37.76,-86.78
37.76,-86.74
37.76,-86.7
37.76,-86.66
37.76,-86.62
37.76,-86.58
37.76,-86.54
37.76,-86.5
37.76,-86.46
37.76,-86.42
37.76,-86.38
37.76,-86.34
37.76,-86.3
37.76,-86.26
37.76,-86.22
37.76,-86.18
37.76,-86.14
37.76,-86.1
37.76,-86.06
37.76,-86.02
37.76,-85.98
37.76,-85.94
37.76,-85.9
37.76,-85.86
37.76,-85.82
37.76,-85.78
37.76,-85.74
37.76,-85.7
37.76,-85.66
37.76,-85.62
37.76,-85.58
37.76,-85.54
37.76,-85.5
37.76,-85.46
37.76,-85.42
37.76,-85.38
37.76,-85.34
37.76,-85.3
37.76,-85.26
37.76,-85.22
37.76,-85.18
37.76,-85.14
37.76,-85.1
37.76,-85.06
37.76,-85.02
37.76,-84.98
37.76,-84.94
37.76,-84.9
37.76,-84.86
37.76,-84.82
37.76,-84.78
37.76,-84.74
37.76,-84.7
37.76,-84.66
37.76,-84.62
37.76,-84.58
37.76,-84.54
37.76,-84.5
37.76,-84.46
37.76,-84.42
37.76,-84.38
37.76,-84.34
37.76,-84.3
37.76,-84.26
37.76,-84.22
37.76,-84.18
37.76,-84.14
37.76,-84.1
37.76,-84.06
37.76,-84.02
37.76,-83.98
37.76,-83.94
37.76,-83.9
37.76,-83.86
37.76,-83.82
37.76,-83.78
37.76,-83.74
37.76,-83.7
37.76,-83.66
37.76,-83.62
37.76,-83.58
37.76,-83.54
37.76,-83.5
37.76,-83.46
37.76,-83.42
37.76,-83.38
37.76,-83.34
37.76,-83.3
37.76,-83.26
37.76,-83.22
37.76,-83.18
37.76,-83.14
37.76,-83.1
37.76,-83.06
37.76,-83.02
37.76,-82.98
37.76,-82.94
37.76,-82.9
37.76,-82.86
37.76,-82.82
37.76,-82.78
37.76,-82.74
37.76,-82.7
37.76,-82.66
37.76,-82.62
37.76,-82.58
37.76,-82.54
37.76,-82.5
37.76,-82.46
37.76,-82.42
37.76,-82.38
37.76,-82.34
37.72,-88.14
37.72,-88.1
37.72,-88.06
37.72,-88.02
37.72,-87.98
37.72,-87.94
37.72,-87.9
37.72,-87.86
37.72,-87.82
37.72,-87.78
37.72,-87.74
37.72,-87.7
37.72,-87.66
37.72,-87.62
37.72,-87.58
37.72,-87.54
37.72,-87.5
37.72,-87.46
37.72,-87.42
37.72,-87.38
37.72,-87.34
37.72,-87.3
37.72,-87.26
37.72,-87.22
37.72,-87.18
37.72,-87.14
37.72,-87.1
37.72,-87.06
37.72,-87.02
37.72,-86.98
37.72,-86.94
37.72,-86.9
37.72,-86.86
37.72,-86.82
37.72,-86.78
37.72,-86.74
37.72,-86.7
37.72,-86.66
37.72,-86.62
37.72,-86.58
37.72,-86.54
37.72,-86.5
37.72,-86.46
37.72,-86.42
37.72,-86.38
37.72,-86.34
37.72,-86.3
37.72,-86.26
37.72,-86.22
37.72,-86.18
37.72,-86.14
37.72,-86.1
37.72,-86.06
37.72,-86.02
37.72,-85.98
37.72,-85.94
37.72,-85.9
37.72,-85.86
37.72,-85.82
37.72,-85.78
37.72,-85.74
37.72,-85.7
37.72,-85.66
37.72,-85.62
37.72,-85.58
37.72,-85.54
37.72,-85.5
37.72,-85.46
37.72,-85.42
37.72,-85.38
37.72,-85.34
37.72,-85.3
37.72,-85.26
37.72,-85.22
37.72,-85.18
37.72,-85.14
37.72,-85.1
37.72,-85.06
37.72,-85.02
37.72,-84.98
37.72,-84.94
37.72,-84.9
37.72,-84.86
37.72,-84.82
37.72,-84.78
37.72,-84.74
37.72,-84.7
37.72,-84.66
37.72,-84.62
37.72,-84.58
37.72,-84.54
37.72,-84.5
37.72,-84.46
37.72,-84.42
37.72,-84.38
37.72,-84.34
37.72,-84.3
37.72,-84.26
37.72,-84.22
37.72,-84.18
37.72,-84.14
37.72,-84.1
37.72,-84.06
37.72,-84.02
37.72,-83.98
37.72,-83.94
37.72,-83.9
37.72,-83.86
37.72,-83.82
37.72,-83.78
37.72,-83.74
37.72,-83.7
37.72,-83.66
37.72,-83.62
37.72,-83.58
37.72,-83.54
37.72,-83.5
37.72,-83.46
37.72,-83.42
37.72,-83.38
37.72,-83.34
37.72,-83.3
37.72,-83.26
37.72,-83.22
37.72,-83.18
37.72,-83.14
37.72,-83.1
37.72,-83.06
37.72,-83.02
37.72,-82.98
37.72,-82.94
37.72,-82.9
37.72,-82.86
37.72,-82.82
37.72,-82.78
37.72,-82.74
37.72,-82.7
37.72,-82.66
37.72,-82.62
37.72,-82.58
37.72,-82.54
37.72,-82.5
37.72,-82.46
37.72,-82.42
37.72,-82.38
37.72,-82.34
37.72,-82.3
37.68,-88.18
37.68,-88.14
37.68,-88.1
37.68,-88.06
37.68,-88.02
37.68,-87.98
37.68,-87.94
37.68,-87.9
37.68,-87.86
37.68,-87.82
37.68,-87.78
37.68,-87.74
37.68,-87.7
37.68,-87.66
37.68,-87.62
37.68,-87.58
37.68,-87.54
37.68,-87.5
37.68,-87.46
37.68,-87.42
37.68,-87.38
37.68,-87.34
37.68,-87.3
37.68,-87.26
37.68,-87.22
37.68,-87.18
37.68,-87.14
37.68,-87.1
37.68,-87.06
37.68,-87.02
37.68,-86.98
37.68,-86.94
37.68,-86.9
37.68,-86.86
37.68,-86.82
37.68,-86.78
37.68,-86.74
37.68,-86.7
37.68,-86.66
37.68,-86.62
37.68,-86.58
37.68,-86.54
37.68,-86.5
37.68,-86.46
37.68,-86.42
37.68,-86.38
37.68,-86.34
37.68,-86.3
37.68,-86.26
37.68,-86.22
37.68,-86.18
37.68,-86.14
37.68,-86.1
37.68,-86.06
37.68,-86.02
37.68,-85.98
37.68,-85.94
37.68,-85.9
37.68,-85.86
37.68,-85.82
37.68,-85.78
37.68,-85.74
37.68,-85.7
37.68,-85.66
37.68,-85.62
37.68,-85.58
37.68,-85.54
37.68,-85.5
37.68,-85.46
37.68,-85.42
37.68,-85.38
37.68,-85.34
37.68,-85.3
37.68,-85.26
37.68,-85.22
37.68,-85.18
37.68,-85.14
37.68,-85.1
37.68,-85.06
37.68,-85.02
37.68,-84.98
37.68,-84.94
37.68,-84.9
37.68,-84.86
37.68,-84.82
37.68,-84.78
37.68,-84.74
37.68,-84.7
37.68,-84.66
37.68,-84.62
37.68,-84.58
37.68,-84.54
37.68,-84.5
37.68,-84.46
37.68,-84.42
37.68,-84.38
37.68,-84.34
37.68,-84.3
37.68,-84.26
37.68,-84.22
37.68,-84.18
37.68,-84.14
37.68,-84.1
37.68,-84.06
37.68,-84.02
37.68,-83.98
37.68,-83.94
37.68,-83.9
37.68,-83.86
37.68,-83.82
37.68,-83.78
37.68,-83.74
37.68,-83.7
37.68,-83.66
37.68,-83.62
37.68,-83.58
37.68,-83.54
37.68,-83.5
37.68,-83.46
37.68,-83.42
37.68,-83.38
37.68,-83.34
37.68,-83.3
37.68,-83.26
37.68,-83.22
37.68,-83.18
37.68,-83.14
37.68,-83.1
37.68,-83.06
37.68,-83.02
37.68,-82.98
37.68,-82.94
37.68,-82.9
37.68,-82.86
37.68,-82.82
37.68,-82.78
37.68,-82.74
37.68,-82.7
37.68,-82.66
37.68,-82.62
37.68,-82.58
37.68,-82.54
37.68,-82.5
37.68,-82.46
37.68,-82.42
37.68,-82.38
37.68,-82.34
37.68,-82.3
37.68,-82.26
37.64,-88.18
37.64,-88.14
37.64,-88.1
37.64,-88.06
37.64,-88.02
37.64,-87.98
37.64,-87.94
37.64,-87.9
37.64,-87.86
37.64,-87.82
37.64,-87.78
37.64,-87.74
37.64,-87.7
37.64,-87.66
37.64,-87.62
37.64,-87.58
37.64,-87.54
37.64,-87.5
37.64,-87.46
37.64,-87.42
37.64,-87.38
37.64,-87.34
37.64,-87.3
37.64,-87.26
37.64,-87.22
37.64,-87.18
37.64,-87.14
37.64,-87.1
37.64,-87.06
37.64,-87.02
37.64,-86.98
37.64,-86.94
37.64,-86.9
37.64,-86.86
37.64,-86.82
37.64,-86.78
37.64,-86.74
37.64,-86.7
37.64,-86.66
37.64,-86.62
37.64,-86.58
37.64,-86.54
37.64,-86.5
37.64,-86.46
37.64,-86.42
37.64,-86.38
37.64,-86.34
37.64,-86.3
37.64,-86.26
37.64,-86.22
37.64,-86.18
37.64,-86.14
37.64,-86.1
37.64,-86.06
37.64,-86.02
37.64,-85.98
37.64,-85.94
37.64,-85.9
37.64,-85.86
37.64,-85.82
37.64,-85.78
37.64,-85.74
37.64,-85.7
37.64,-85.66
37.64,-85.62
37.64,-85.58
37.64,-85.54
37.64,-85.5
37.64,-85.46
37.64,-85.42
37.64,-85.38
37.64,-85.34
37.64,-85.3
37.64,-85.26
37.64,-85.22
37.64,-85.18
37.64,-85.14
37.64,-85.1
37.64,-85.06
37.64,-85.02
37.64,-84.98
37.64,-84.94
37.64,-84.9
37.64,-84.86
37.64,-84.82
37.64,-84.78
37.64,-84.74
37.64,-84.7
37.64,-84.66
37.64,-84.62
37.64,-84.58
37.64,-84.54
37.64,-84.5
37.64,-84.46
37.64,-84.42
37.64,-84.38
37.64,-84.34
37.64,-84.3
37.64,-84.26
37.64,-84.22
37.64,-84.18
37.64,-84.14
37.64,-84.1
37.64,-84.06
37.64,-84.02
37.64,-83.98
37.64,-83.94
37.64,-83.9
37.64,-83.86
37.64,-83.82
37.64,-83.78
37.64,-83.74
37.64,-83.7
37.64,-83.66
37.64,-83.62
37.64,-83.58
37.64,-83.54
37.64,-83.5
37.64,-83.46
37.64,-83.42
37.64,-83.38
37.64,-83.34
37.64,-83.3
37.64,-83.26
37.64,-83.22
37.64,-83.18
37.64,-83.14
37.64,-83.1
37.64,-83.06
37.64,-83.02
37.64,-82.98
37.64,-82.94
37.64,-82.9
37.64,-82.86
37.64,-82.82
37.64,-82.78
37.64,-82.74
37.64,-82.7
37.64,-82.66
37.64,-82.62
37.64,-82.58
37.64,-82.54
37.64,-82.5
37.64,-82.46
37.64,-82.42
37.64,-82.38
37.64,-82.34
37.64,-82.3
37.64,-82.26
37.64,-82.22
37.64,-82.18
37.6,-88.14
37.6,-88.1
37.6,-88.06
37.6,-88.02
37.6,-87.98
37.6,-87.94
37.6,-87.9
37.6,-87.86
37.6,-87.82
37.6,-87.78
37.6,-87.74
37.6,-87.7
37.6,-87.66
37.6,-87.62
37.6,-87.58
37.6,-87.54
37.6,-87.5
37.6,-87.46
37.6,-87.42
37.6,-87.38
37.6,-87.34
37.6,-87.3
37.6,-87.26
37.6,-87.22
37.6,-87.18
37.6,-87.14
37.6,-87.1
37.6,-87.06
37.6,-87.02
37.6,-86.98
37.6,-86.94
37.6,-86.9
37.6,-86.86
37.6,-86.82
37.6,-86.78
37.6,-86.74
37.6,-86.7
37.6,-86.66
37.6,-86.62
37.6,-86.58
37.6,-86.54
37.6,-86.5
37.6,-86.46
37.6,-86.42
37.6,-86.38
37.6,-86.34
37.6,-86.3
37.6,-86.26
37.6,-86.22
37.6,-86.18
37.6,-86.14
37.6,-86.1
37.6,-86.06
37.6,-86.02
37.6,-85.98
37.6,-85.94
37.6,-85.9
37.6,-85.86
37.6,-85.82
37.6,-85.78
37.6,-85.74
37.6,-85.7
37.6,-85.66
37.6,-85.62
37.6,-85.58
37.6,-85.54
37.6,-85.5
37.6,-85.46
37.6,-85.42
37.6,-85.38
37.6,-85.34
37.6,-85.3
37.6,-85.26
37.6,-85.22
37.6,-85.18
37.6,-85.14
37.6,-85.1
37.6,-85.06
37.6,-85.02
37.6,-84.98
37.6,-84.94
37.6,-84.9
37.6,-84.86
37.6,-84.82
37.6,-84.78
37.6,-84.74
37.6,-84.7
37.6,-84.66
37.6,-84.62
37.6,-84.58
37.6,-84.54
37.6,-84.5
37.6,-84.46
37.6,-84.42
37.6,-84.38
37.6,-84.34
37.6,-84.3
37.6,-84.26
37.6,-84.22
37.6,-84.18
37.6,-84.14
37.6,-84.1
37.6,-84.06
37.6,-84.02
37.6,-83.98
37.6,-83.94
37.6,-83.9
37.6,-83.86
37.6,-83.82
37.6,-83.78
37.6,-83.74
37.6,-83.7
37.6,-83.66
37.6,-83.62
37.6,-83.58
37.6,-83.54
37.6,-83.5
37.6,-83.46
37.6,-83.42
37.6,-83.38
37.6,-83.34
37.6,-83.3
37.6,-83.26
37.6,-83.22
37.6,-83.18
37.6,-83.14
37.6,-83.1
37.6,-83.06
37.6,-83.02
37.6,-82.98
37.6,-82.94
37.6,-82.9
37.6,-82.86
37.6,-82.82
37.6,-82.78
37.6,-82.74
37.6,-82.7
37.6,-82.66
37.6,-82.62
37.6,-82.58
37.6,-82.54
37.6,-82.5
37.6,-82.46
37.6,-82.42
37.6,-82.38
37.6,-82.34
37.6,-82.3
37.6,-82.26
37.6,-82.22
37.6,-82.18
37.6,-82.14
37.56,-88.14
37.56,-88.1
37.56,-88.06
37.56,-88.02
37.56,-87.98
37.56,-87.94
37.56,-87.9
37.56,-87.86
37.56,-87.82
37.56,-87.78
37.56,-87.74
37.56,-87.7
37.56,-87.66
37.56,-87.62
37.56,-87.58
37.56,-87.54
37.56,-87.5
37.56,-87.46
37.56,-87.42
37.56,-87.38
37.56,-87.34
37.56,-87.3
37.56,-87.26
37.56,-87.22
37.56,-87.18
37.56,-87.14
37.56,-87.1
37.56,-87.06
37.56,-87.02
37.56,-86.98
37.56,-86.94
37.56,-86.9
37.56,-86.86
37.56,-86.82
37.56,-86.78
37.56,-86.74
37.56,-86.7
37.56,-86.66
37.56,-86.62
37.56,-86.58
37.56,-86.54
37.56,-86.5
37.56,-86.46
37.56,-86.42
37.56,-86.38
37.56,-86.34
37.56,-86.3
37.56,-86.26
37.56,-86.22
37.56,-86.18
37.56,-86.14
37.56,-86.1
37.56,-86.06
37.56,-86.02
37.56,-85.98
37.56,-85.94
37.56,-85.9
37.56,-85.86
37.56,-85.82
37.56,-85.78
37.56,-85.74
37.56,-85.7
37.56,-85.66
37.56,-85.62
37.56,-85.58
37.56,-85.54
37.56,-85.5
37.56,-85.46
37.56,-85.42
37.56,-85.38
37.56,-85.34
37.56,-85.3
37.56,-85.26
37.56,-85.22
37.56,-85.18
37.56,-85.14
37.56,-85.1
37.56,-85.06
37.56,-85.02
37.56,-84.98
37.56,-84.94
37.56,-84.9
37.56,-84.86
37.56,-84.82
37.56,-84.78
37.56,-84.74
37.56,-84.7
37.56,-84.66
37.56,-84.62
37.56,-84.58
37.56,-84.54
37.56,-84.5
37.56,-84.46
37.56,-84.42
37.56,-84.38
37.56,-84.34
37.56,-84.3
37.56,-84.26
37.56,-84.22
37.56,-84.18
37.56,-84.14
37.56,-84.1
37.56,-84.06
37.56,-84.02
37.56,-83.98
37.56,-83.94
37.56,-83.9
37.56,-83.86
37.56,-83.82
37.56,-83.78
37.56,-83.74
37.56,-83.7
37.56,-83.66
37.56,-83.62
37.56,-83.58
37.56,-83.54
37.56,-83.5
37.56,-83.46
37.56,-83.42
37.56,-83.38
37.56,-83.34
37.56,-83.3
37.56,-83.26
37.56,-83.22
37.56,-83.18
37.56,-83.14
37.56,-83.1
37.56,-83.06
37.56,-83.02
37.56,-82.98
37.56,-82.94
37.56,-82.9
37.56,-82.86
37.56,-82.82
37.56,-82.78
37.56,-82.74
37.56,-82.7
37.56,-82.66
37.56,-82.62
37.56,-82.58
37.56,-82.54
37.56,-82.5
37.56,-82.46
37.56,-82.42
37.56,-82.38
37.56,-82.34
37.56,-82.3
37.56,-82.26
37.56,-82.22
37.56,-82.18
37.56,-82.14
37.56,-82.1
37.56,-82.06
37.56,-82.02
37.56,-81.98
37.52,-88.1
37.52,-88.06
37.52,-88.02
37.52,-87.98
37.52,-87.94
37.52,-87.9
37.52,-87.86
37.52,-87.82
37.52,-87.78
37.52,-87.74
37.52,-87.7
37.52,-87.66
37.52,-87.62
37.52,-87.58
37.52,-87.54
37.52,-87.5
37.52,-87.46
37.52,-87.42
37.52,-87.38
37.52,-87.34
37.52,-87.3
37.52,-87.26
37.52,-87.22
37.52,-87.18
37.52,-87.14
37.52,-87.1
37.52,-87.06
37.52,-87.02
37.52,-86.98
37.52,-86.94
37.52,-86.9
37.52,-86.86
37.52,-86.82
37.52,-86.78
37.52,-86.74
37.52,-86.7
37.52,-86.66
37.52,-86.62
37.52,-86.58
37.52,-86.54
37.52,-86.5
37.52,-86.46
37.52,-86.42
37.52,-86.38
37.52,-86.34
37.52,-86.3
37.52,-86.26
37.52,-86.22
37.52,-86.18
37.52,-86.14
37.52,-86.1
37.52,-86.06
37.52,-86.02
37.52,-85.98
37.52,-85.94
37.52,-85.9
37.52,-85.86
37.52,-85.82
37.52,-85.78
37.52,-85.74
37.52,-85.7
37.52,-85.66
37.52,-85.62
37.52,-85.58
37.52,-85.54
37.52,-85.5
37.52,-85.46
37.52,-85.42
37.52,-85.38
37.52,-85.34
37.52,-85.3
37.52,-85.26
37.52,-85.22
37.52,-85.18
37.52,-85.14
37.52,-85.1
37.52,-85.06
37.52,-85.02
37.52,-84.98
37.52,-84.94
37.52,-84.9
37.52,-84.86
37.52,-84.82
37.52,-84.78
37.52,-84.74
37.52,-84.7
37.52,-84.66
37.52,-84.62
37.52,-84.58
37.52,-84.54
37.52,-84.5
37.52,-84.46
37.52,-84.42
37.52,-84.38
37.52,-84.34
37.52,-84.3
37.52,-84.26
37.52,-84.22
37.52,-84.18
37.52,-84.14
37.52,-84.1
37.52,-84.06
37.52,-84.02
37.52,-83.98
37.52,-83.94
37.52,-83.9
37.52,-83.86
37.52,-83.82
37.52,-83.78
37.52,-83.74
37.52,-83.7
37.52,-83.66
37.52,-83.62
37.52,-83.58
37.52,-83.54
37.52,-83.5
37.52,-83.46
37.52,-83.42
37.52,-83.38
37.52,-83.34
37.52,-83.3
37.52,-83.26
37.52,-83.22
37.52,-83.18
37.52,-83.14
37.52,-83.1
37.52,-83.06
37.52,-83.02
37.52,-82.98
37.52,-82.94
37.52,-82.9
37.52,-82.86
37.52,-82.82
37.52,-82.78
37.52,-82.74
37.52,-82.7
37.52,-82.66
37.52,-82.62
37.52,-82.58
37.52,-82.54
37.52,-82.5
37.52,-82.46
37.52,-82.42
37.52,-82.38
37.52,-82.34
37.52,-82.3
37.52,-82.26
37.52,-82.22
37.52,-82.18
37.52,-82.14
37.52,-82.1
37.52,-82.06
37.52,-82.02
37.52,-81.98
37.48,-88.22
37.48,-88.18
37.48,-88.14
37.48,-88.1
37.48,-88.06
37.48,-88.02
37.48,-87.98
37.48,-87.94
37.48,-87.9
37.48,-87.86
37.48,-87.82
37.48,-87.78
37.48,-87.74
37.48,-87.7
37.48,-87.66
37.48,-87.62
37.48,-87.58
37.48,-87.54
37.48,-87.5
37.48,-87.46
37.48,-87.42
37.48,-87.38
37.48,-87.34
37.48,-87.3
37.48,-87.26
37.48,-87.22
37.48,-87.18
37.48,-87.14
37.48,-87.1
37.48,-87.06
37.48,-87.02
37.48,-86.98
37.48,-86.94
37.48,-86.9
37.48,-86.86
37.48,-86.82
37.48,-86.78
37.48,-86.74
37.48,-86.7
37.48,-86.66
37.48,-86.62
37.48,-86.58
37.48,-86.54
37.48,-86.5
37.48,-86.46
37.48,-86.42
37.48,-86.38
37.48,-86.34
37.48,-86.3
37.48,-86.26
37.48,-86.22
37.48,-86.18
37.48,-86.14
37.48,-86.1
37.48,-86.06
37.48,-86.02
37.48,-85.98
37.48,-85.94
37.48,-85.9
37.48,-85.86
37.48,-85.82
37.48,-85.78
37.48,-85.74
37.48,-85.7
37.48,-85.66
37.48,-85.62
37.48,-85.58
37.48,-85.54
37.48,-85.5
37.48,-85.46
37.48,-85.42
37.48,-85.38
37.48,-85.34
37.48,-85.3
37.48,-85.26
37.48,-85.22
37.48,-85.18
37.48,-85.14
37.48,-85.1
37.48,-85.06
37.48,-85.02
37.48,-84.98
37.48,-84.94
37.48,-84.9
37.48,-84.86
37.48,-84.82
37.48,-84.78
37.48,-84.74
37.48,-84.7
37.48,-84.66
37.48,-84.62
37.48,-84.58
37.48,-84.54
37.48,-84.5
37.48,-84.46
37.48,-84.42
37.48,-84.38
37.48,-84.34
37.48,-84.3
37.48,-84.26
37.48,-84.22
37.48,-84.18
37.48,-84.14
37.48,-84.1
37.48,-84.06
37.48,-84.02
37.48,-83.98
37.48,-83.94
37.48,-83.9
37.48,-83.86
37.48,-83.82
37.48,-83.78
37.48,-83.74
37.48,-83.7
37.48,-83.66
37.48,-83.62
37.48,-83.58
37.48,-83.54
37.48,-83.5
37.48,-83.46
37.48,-83.42
37.48,-83.38
37.48,-83.34
37.48,-83.3
37.48,-83.26
37.48,-83.22
37.48,-83.18
37.48,-83.14
37.48,-83.1
37.48,-83.06
37.48,-83.02
37.48,-82.98
37.48,-82.94
37.48,-82.9
37.48,-82.86
37.48,-82.82
37.48,-82.78
37.48,-82.74
37.48,-82.7
37.48,-82.66
37.48,-82.62
37.48,-82.58
37.48,-82.54
37.48,-82.5
37.48,-82.46
37.48,-82.42
37.48,-82.38
37.48,-82.34
37.48,-82.3
37.48,-82.26
37.48,-82.22
37.48,-82.18
37.48,-82.14
37.48,-82.1
37.48,-82.06
37.48,-82.02
37.44,-88.42
37.44,-88.38
37.44,-88.34
37.44,-88.3
37.44,-88.26
37.44,-88.22
37.44,-88.18
37.44,-88.14
37.44,-88.1
37.44,-88.06
37.44,-88.02
37.44,-87.98
37.44,-87.94
37.44,-87.9
37.44,-87.86
37.44,-87.82
37.44,-87.78
37.44,-87.74
37.44,-87.7
37.44,-87.66
37.44,-87.62
37.44,-87.58
37.44,-87.54
37.44,-87.5
37.44,-87.46
37.44,-87.42
37.44,-87.38
37.44,-87.34
37.44,-87.3
37.44,-87.26
37.44,-87.22
37.44,-87.18
37.44,-87.14
37.44,-87.1
37.44,-87.06
37.44,-87.02
37.44,-86.98
37.44,-86.94
37.44,-86.9
37.44,-86.86
37.44,-86.82
37.44,-86.78
37.44,-86.74
37.44,-86.7
37.44,-86.66
37.44,-86.62
37.44,-86.58
37.44,-86.54
37.44,-86.5
37.44,-86.46
37.44,-86.42
37.44,-86.38
37.44,-86.34
37.44,-86.3
37.44,-86.26
37.44,-86.22
37.44,-86.18
37.44,-86.14
37.44,-86.1
37.44,-86.06
37.44,-86.02
37.44,-85.98
37.44,-85.94
37.44,-85.9
37.44,-85.86
37.44,-85.82
37.44,-85.78
37.44,-85.74
37.44,-85.7
37.44,-85.66
37.44,-85.62
37.44,-85.58
37.44,-85.54
37.44,-85.5
37.44,-85.46
37.44,-85.42
37.44,-85.38
37.44,-85.34
37.44,-85.3
37.44,-85.26
37.44,-85.22
37.44,-85.18
37.44,-85.14
37.44,-85.1
37.44,-85.06
37.44,-85.02
37.44,-84.98
37.44,-84.94
37.44,-84.9
37.44,-84.86
37.44,-84.82
37.44,-84.78
37.44,-84.74
37.44,-84.7
37.44,-84.66
37.44,-84.62
37.44,-84.58
37.44,-84.54
37.44,-84.5
37.44,-84.46
37.44,-84.42
37.44,-84.38
37.44,-84.34
37.44,-84.3
37.44,-84.26
37.44,-84.22
37.44,-84.18
37.44,-84.14
37.44,-84.1
37.44,-84.06
37.44,-84.02
37.44,-83.98
37.44,-83.94
37.44,-83.9
37.44,-83.86
37.44,-83.82
37.44,-83.78
37.44,-83.74
37.44,-83.7
37.44,-83.66
37.44,-83.62
37.44,-83.58
37.44,-83.54
37.44,-83.5
37.44,-83.46
37.44,-83.42
37.44,-83.38
37.44,-83.34
37.44,-83.3
37.44,-83.26
37.44,-83.22
37.44,-83.18
37.44,-83.14
37.44,-83.1
37.44,-83.06
37.44,-83.02
37.44,-82.98
37.44,-82.94
37.44,-82.9
37.44,-82.86
37.44,-82.82
37.44,-82.78
37.44,-82.74
37.44,-82.7
37.44,-82.66
37.44,-82.62
37.44,-82.58
37.44,-82.54
37.44,-82.5
37.44,-82.46
37.44,-82.42
37.44,-82.38
37.44,-82.34
37.44,-82.3
37.44,-82.26
37.44,-82.22
37.44,-82.18
37.44,-82.14
37.44,-82.1
37.4,-88.5
37.4,-88.46
37.4,-88.42
37.4,-88.38
37.4,-88.34
37.4,-88.3
37.4,-88.26
37.4,-88.22
37.4,-88.18
37.4,-88.14
37.4,-88.1
37.4,-88.06
37.4,-88.02
37.4,-87.98
37.4,-87.94
37.4,-87.9
37.4,-87.86
37.4,-87.82
37.4,-87.78
37.4,-87.74
37.4,-87.7
37.4,-87.66
37.4,-87.62
37.4,-87.58
37.4,-87.54
37.4,-87.5
37.4,-87.46
37.4,-87.42
37.4,-87.38
37.4,-87.34
37.4,-87.3
37.4,-87.26
37.4,-87.22
37.4,-87.18
37.4,-87.14
37.4,-87.1
37.4,-87.06
37.4,-87.02
37.4,-86.98
37.4,-86.94
37.4,-86.9
37.4,-86.86
37.4,-86.82
37.4,-86.78
37.4,-86.74
37.4,-86.7
37.4,-86.66
37.4,-86.62
37.4,-86.58
37.4,-86.54
37.4,-86.5
37.4,-86.46
37.4,-86.42
37.4,-86.38
37.4,-86.34
37.4,-86.3
37.4,-86.26
37.4,-86.22
37.4,-86.18
37.4,-86.14
37.4,-86.1
37.4,-86.06
37.4,-86.02
37.4,-85.98
37.4,-85.94
37.4,-85.9
37.4,-85.86
37.4,-85.82
37.4,-85.78
37.4,-85.74
37.4,-85.7
37.4,-85.66
37.4,-85.62
37.4,-85.58
37.4,-85.54
37.4,-85.5
37.4,-85.46
37.4,-85.42
37.4,-85.38
37.4,-85.34
37.4,-85.3
37.4,-85.26
37.4,-85.22
37.4,-85.18
37.4,-85.14
37.4,-85.1
37.4,-85.06
37.4,-85.02
37.4,-84.98
37.4,-84.94
37.4,-84.9
37.4,-84.86
37.4,-84.82
37.4,-84.78
37.4,-84.74
37.4,-84.7
37.4,-84.66
37.4,-84.62
37.4,-84.58
37.4,-84.54
37.4,-84.5
37.4,-84.46
37.4,-84.42
37.4,-84.38
37.4,-84.34
37.4,-84.3
37.4,-84.26
37.4,-84.22
37.4,-84.18
37.4,-84.14
37.4,-84.1
37.4,-84.06
37.4,-84.02
37.4,-83.98
37.4,-83.94
37.4,-83.9
37.4,-83.86
37.4,-83.82
37.4,-83.78
37.4,-83.74
37.4,-83.7
37.4,-83.66
37.4,-83.62
37.4,-83.58
37.4,-83.54
37.4,-83.5
37.4,-83.46
37.4,-83.42
37.4,-83.38
37.4,-83.34
37.4,-83.3
37.4,-83.26
37.4,-83.22
37.4,-83.18
37.4,-83.14
37.4,-83.1
37.4,-83.06
37.4,-83.02
37.4,-82.98
37.4,-82.94
37.4,-82.9
37.4,-82.86
37.4,-82.82
37.4,-82.78
37.4,-82.74
37.4,-82.7
37.4,-82.66
37.4,-82.62
37.4,-82.58
37.4,-82.54
37.4,-82.5
37.4,-82.46
37.4,-82.42
37.4,-82.38
37.4,-82.34
37.4,-82.3
37.4,-82.26
37.4,-82.22
37.4,-82.18
37.4,-82.14
37.36,-88.5
37.36,-88.46
37.36,-88.42
37.36,-88.38
37.36,-88.34
37.36,-88.3
37.36,-88.26
37.36,-88.22
37.36,-88.18
37.36,-88.14
37.36,-88.1
37.36,-88.06
37.36,-88.02
37.36,-87.98
37.36,-87.94
37.36,-87.9
37.36,-87.86
37.36,-87.82
37.36,-87.78
37.36,-87.74
37.36,-87.7
37.36,-87.66
37.36,-87.62
37.36,-87.58
37.36,-87.54
37.36,-87.5
37.36,-87.46
37.36,-87.42
37.36,-87.38
37.36,-87.34
37.36,-87.3
37.36,-87.26
37.36,-87.22
37.36,-87.18
37.36,-87.14
37.36,-87.1
37.36,-87.06
37.36,-87.02
37.36,-86.98
37.36,-86.94
37.36,-86.9
37.36,-86.86
37.36,-86.82
37.36,-86.78
37.36,-86.74
37.36,-86.7
37.36,-86.66
37.36,-86.62
37.36,-86.58
37.36,-86.54
37.36,-86.5
37.36,-86.46
37.36,-86.42
37.36,-86.38
37.36,-86.34
37.36,-86.3
37.36,-86.26
37.36,-86.22
37.36,-86.18
37.36,-86.14
37.36,-86.1
37.36,-86.06
37.36,-86.02
37.36,-85.98
37.36,-85.94
37.36,-85.9
37.36,-85.86
37.36,-85.82
37.36,-85.78
37.36,-85.74
37.36,-85.7
37.36,-85.66
37.36,-85.62
37.36,-85.58
37.36,-85.54
37.36,-85.5
37.36,-85.46
37.36,-85.42
37.36,-85.38
37.36,-85.34
37.36,-85.3
37.36,-85.26
37.36,-85.22
37.36,-85.18
37.36,-85.14
37.36,-85.1
37.36,-85.06
37.36,-85.02
37.36,-84.98
37.36,-84.94
37.36,-84.9
37.36,-84.86
37.36,-84.82
37.36,-84.78
37.36,-84.74
37.36,-84.7
37.36,-84.66
37.36,-84.62
37.36,-84.58
37.36,-84.54
37.36,-84.5
37.36,-84.46
37.36,-84.42
37.36,-84.38
37.36,-84.34
37.36,-84.3
37.36,-84.26
37.36,-84.22
37.36,-84.18
37.36,-84.14
37.36,-84.1
37.36,-84.06
37.36,-84.02
37.36,-83.98
37.36,-83.94
37.36,-83.9
37.36,-83.86
37.36,-83.82
37.36,-83.78
37.36,-83.74
37.36,-83.7
37.36,-83.66
37.36,-83.62
37.36,-83.58
37.36,-83.54
37.36,-83.5
37.36,-83.46
37.36,-83.42
37.36,-83.38
37.36,-83.34
37.36,-83.3
37.36,-83.26
37.36,-83.22
37.36,-83.18
37.36,-83.14
37.36,-83.1
37.36,-83.06
37.36,-83.02
37.36,-82.98
37.36,-82.94
37.36,-82.9
37.36,-82.86
37.36,-82.82
37.36,-82.78
37.36,-82.74
37.36,-82.7
37.36,-82.66
37.36,-82.62
37.36,-82.58
37.36,-82.54
37.36,-82.5
37.36,-82.46
37.36,-82.42
37.36,-82.38
37.36,-82.34
37.36,-82.3
37.36,-82.26
37.36,-82.22
37.36,-82.18
37.32,-88.5
37.32,-88.46
37.32,-88.42
37.32,-88.38
37.32,-88.34
37.32,-88.3
37.32,-88.26
37.32,-88.22
37.32,-88.18
37.32,-88.14
37.32,-88.1
37.32,-88.06
37.32,-88.02
37.32,-87.98
37.32,-87.94
37.32,-87.9
37.32,-87.86
37.32,-87.82
37.32,-87.78
37.32,-87.74
37.32,-87.7
37.32,-87.66
37.32,-87.62
37.32,-87.58
37.32,-87.54
37.32,-87.5
37.32,-87.46
37.32,-87.42
37.32,-87.38
37.32,-87.34
37.32,-87.3
37.32,-87.26
37.32,-87.22
37.32,-87.18
37.32,-87.14
37.32,-87.1
37.32,-87.06
37.32,-87.02
37.32,-86.98
37.32,-86.94
37.32,-86.9
37.32,-86.86
37.32,-86.82
37.32,-86.78
37.32,-86.74
37.32,-86.7
37.32,-86.66
37.32,-86.62
37.32,-86.58
37.32,-86.54
37.32,-86.5
37.32,-86.46
37.32,-86.42
37.32,-86.38
37.32,-86.34
37.32,-86.3
37.32,-86.26
37.32,-86.22
37.32,-86.18
37.32,-86.14
37.32,-86.1
37.32,-86.06
37.32,-86.02
37.32,-85.98
37.32,-85.94
37.32,-85.9
37.32,-85.86
37.32,-85.82
37.32,-85.78
37.32,-85.74
37.32,-85.7
37.32,-85.66
37.32,-85.62
37.32,-85.58
37.32,-85.54
37.32,-85.5
37.32,-85.46
37.32,-85.42
37.32,-85.38
37.32,-85.34
37.32,-85.3
37.32,-85.26
37.32,-85.22
37.32,-85.18
37.32,-85.14
37.32,-85.1
37.32,-85.06
37.32,-85.02
37.32,-84.98
37.32,-84.94
37.32,-84.9
37.32,-84.86
37.32,-84.82
37.32,-84.78
37.32,-84.74
37.32,-84.7
37.32,-84.66
37.32,-84.62
37.32,-84.58
37.32,-84.54
37.32,-84.5
37.32,-84.46
37.32,-84.42
37.32,-84.38
37.32,-84.34
37.32,-84.3
37.32,-84.26
37.32,-84.22
37.32,-84.18
37.32,-84.14
37.32,-84.1
37.32,-84.06
37.32,-84.02
37.32,-83.98
37.32,-83.94
37.32,-83.9
37.32,-83.86
37.32,-83.82
37.32,-83.78
37.32,-83.74
37.32,-83.7
37.32,-83.66
37.32,-83.62
37.32,-83.58
37.32,-83.54
37.32,-83.5
37.32,-83.46
37.32,-83.42
37.32,-83.38
37.32,-83.34
37.32,-83.3
37.32,-83.26
37.32,-83.22
37.32,-83.18
37.32,-83.14
37.32,-83.1
37.32,-83.06
37.32,-83.02
37.32,-82.98
37.32,-82.94
37.32,-82.9
37.32,-82.86
37.32,-82.82
37.32,-82.78
37.32,-82.74
37.32,-82.7
37.32,-82.66
37.32,-82.62
37.32,-82.58
37.32,-82.54
37.32,-82.5
37.32,-82.46
37.32,-82.42
37.32,-82.38
37.32,-82.34
37.32,-82.3
37.32,-82.26
37.28,-88.5
37.28,-88.46
37.28,-88.42
37.28,-88.38
37.28,-88.34
37.28,-88.3
37.28,-88.26
37.28,-88.22
37.28,-88.18
37.28,-88.14
37.28,-88.1
37.28,-88.06
37.28,-88.02
37.28,-87.98
37.28,-87.94
37.28,-87.9
37.28,-87.86
37.28,-87.82
37.28,-87.78
37.28,-87.74
37.28,-87.7
37.28,-87.66
37.28,-87.62
37.28,-87.58
37.28,-87.54
37.28,-87.5
37.28,-87.46
37.28,-87.42
37.28,-87.38
37.28,-87.34
37.28,-87.3
37.28,-87.26
37.28,-87.22
37.28,-87.18
37.28,-87.14
37.28,-87.1
37.28,-87.06
37.28,-87.02
37.28,-86.98
37.28,-86.94
37.28,-86.9
37.28,-86.86
37.28,-86.82
37.28,-86.78
37.28,-86.74
37.28,-86.7
37.28,-86.66
37.28,-86.62
37.28,-86.58
37.28,-86.54
37.28,-86.5
37.28,-86.46
37.28,-86.42
37.28,-86.38
37.28,-86.34
37.28,-86.3
37.28,-86.26
37.28,-86.22
37.28,-86.18
37.28,-86.14
37.28,-86.1
37.28,-86.06
37.28,-86.02
37.28,-85.98
37.28,-85.94
37.28,-85.9
37.28,-85.86
37.28,-85.82
37.28,-85.78
37.28,-85.74
37.28,-85.7
37.28,-85.66
37.28,-85.62
37.28,-85.58
37.28,-85.54
37.28,-85.5
37.28,-85.46
37.28,-85.42
37.28,-85.38
37.28,-85.34
37.28,-85.3
37.28,-85.26
37.28,-85.22
37.28,-85.18
37.28,-85.14
37.28,-85.1
37.28,-85.06
37.28,-85.02
37.28,-84.98
37.28,-84.94
37.28,-84.9
37.28,-84.86
37.28,-84.82
37.28,-84.78
37.28,-84.74
37.28,-84.7
37.28,-84.66
37.28,-84.62
37.28,-84.58
37.28,-84.54
37.28,-84.5
37.28,-84.46
37.28,-84.42
37.28,-84.38
37.28,-84.34
37.28,-84.3
37.28,-84.26
37.28,-84.22
37.28,-84.18
37.28,-84.14
37.28,-84.1
37.28,-84.06
37.28,-84.02
37.28,-83.98
37.28,-83.94
37.28,-83.9
37.28,-83.86
37.28,-83.82
37.28,-83.78
37.28,-83.74
37.28,-83.7
37.28,-83.66
37.28,-83.62
37.28,-83.58
37.28,-83.54
37.28,-83.5
37.28,-83.46
37.28,-83.42
37.28,-83.38
37.28,-83.34
37.28,-83.3
37.28,-83.26
37.28,-83.22
37.28,-83.18
37.28,-83.14
37.28,-83.1
37.28,-83.06
37.28,-83.02
37.28,-82.98
37.28,-82.94
37.28,-82.9
37.28,-82.86
37.28,-82.82
37.28,-82.78
37.28,-82.74
37.28,-82.7
37.28,-82.66
37.28,-82.62
37.28,-82.58
37.28,-82.54
37.28,-82.5
37.28,-82.46
37.28,-82.42
37.28,-82.38
37.28,-82.34
37.28,-82.3
37.24,-89.02
37.24,-88.98
37.24,-88.94
37.24,-88.9
37.24,-88.5
37.24,-88.46
37.24,-88.42
37.24,-88.38
37.24,-88.34
37.24,-88.3
37.24,-88.26
37.24,-88.22
37.24,-88.18
37.24,-88.14
37.24,-88.1
37.24,-88.06
37.24,-88.02
37.24,-87.98
37.24,-87.94
37.24,-87.9
37.24,-87.86
37.24,-87.82
37.24,-87.78
37.24,-87.74
37.24,-87.7
37.24,-87.66
37.24,-87.62
37.24,-87.58
37.24,-87.54
37.24,-87.5
37.24,-87.46
37.24,-87.42
37.24,-87.38
37.24,-87.34
37.24,-87.3
37.24,-87.26
37.24,-87.22
37.24,-87.18
37.24,-87.14
37.24,-87.1
37.24,-87.06
37.24,-87.02
37.24,-86.98
37.24,-86.94
37.24,-86.9
37.24,-86.86
37.24,-86.82
37.24,-86.78
37.24,-86.74
37.24,-86.7
37.24,-86.66
37.24,-86.62
37.24,-86.58
37.24,-86.54
37.24,-86.5
37.24,-86.46
37.24,-86.42
37.24,-86.38
37.24,-86.34
37.24,-86.3
37.24,-86.26
37.24,-86.22
37.24,-86.18
37.24,-86.14
37.24,-86.1
37.24,-86.06
37.24,-86.02
37.24,-85.98
37.24,-85.94
37.24,-85.9
37.24,-85.86
37.24,-85.82
37.24,-85.78
37.24,-85.74
37.24,-85.7
37.24,-85.66
37.24,-85.62
37.24,-85.58
37.24,-85.54
37.24,-85.5
37.24,-85.46
37.24,-85.42
37.24,-85.38
37.24,-85.34
37.24,-85.3
37.24,-85.26
37.24,-85.22
37.24,-85.18
37.24,-85.14
37.24,-85.1
37.24,-85.06
37.24,-85.02
37.24,-84.98
37.24,-84.94
37.24,-84.9
37.24,-84.86
37.24,-84.82
37.24,-84.78
37.24,-84.74
37.24,-84.7
37.24,-84.66
37.24,-84.62
37.24,-84.58
37.24,-84.54
37.24,-84.5
37.24,-84.46
37.24,-84.42
37.24,-84.38
37.24,-84.34
37.24,-84.3
37.24,-84.26
37.24,-84.22
37.24,-84.18
37.24,-84.14
37.24,-84.1
37.24,-84.06
37.24,-84.02
37.24,-83.98
37.24,-83.94
37.24,-83.9
37.24,-83.86
37.24,-83.82
37.24,-83.78
37.24,-83.74
37.24,-83.7
37.24,-83.66
37.24,-83.62
37.24,-83.58
37.24,-83.54
37.24,-83.5
37.24,-83.46
37.24,-83.42
37.24,-83.38
37.24,-83.34
37.24,-83.3
37.24,-83.26
37.24,-83.22
37.24,-83.18
37.24,-83.14
37.24,-83.1
37.24,-83.06
37.24,-83.02
37.24,-82.98
37.24,-82.94
37.24,-82.9
37.24,-82.86
37.24,-82.82
37.24,-82.78
37.24,-82.74
37.24,-82.7
37.24,-82.66
37.24,-82.62
37.24,-82.58
37.24,-82.54
37.24,-82.5
37.24,-82.46
37.24,-82.42
37.24,-82.38
37.2,-89.06
37.2,-89.02
37.2,-88.98
37.2,-88.94
37.2,-88.9
37.2,-88.86
37.2,-88.82
37.2,-88.78
37.2,-88.46
37.2,-88.42
37.2,-88.38
37.2,-88.34
37.2,-88.3
37.2,-88.26
37.2,-88.22
37.2,-88.18
37.2,-88.14
37.2,-88.1
37.2,-88.06
37.2,-88.02
37.2,-87.98
37.2,-87.94
37.2,-87.9
37.2,-87.86
37.2,-87.82
37.2,-87.78
37.2,-87.74
37.2,-87.7
37.2,-87.66
37.2,-87.62
37.2,-87.58
37.2,-87.54
37.2,-87.5
37.2,-87.46
37.2,-87.42
37.2,-87.38
37.2,-87.34
37.2,-87.3
37.2,-87.26
37.2,-87.22
37.2,-87.18
37.2,-87.14
37.2,-87.1
37.2,-87.06
37.2,-87.02
37.2,-86.98
37.2,-86.94
37.2,-86.9
37.2,-86.86
37.2,-86.82
37.2,-86.78
37.2,-86.74
37.2,-86.7
37.2,-86.66
37.2,-86.62
37.2,-86.58
37.2,-86.54
37.2,-86.5
37.2,-86.46
37.2,-86.42
37.2,-86.38
37.2,-86.34
37.2,-86.3
37.2,-86.26
37.2,-86.22
37.2,-86.18
37.2,-86.14
37.2,-86.1
37.2,-86.06
37.2,-86.02
37.2,-85.98
37.2,-85.94
37.2,-85.9
37.2,-85.86
37.2,-85.82
37.2,-85.78
37.2,-85.74
37.2,-85.7
37.2,-85.66
37.2,-85.62
37.2,-85.58
37.2,-85.54
37.2,-85.5
37.2,-85.46
37.2,-85.42
37.2,-85.38
37.2,-85.34
37.2,-85.3
37.2,-85.26
37.2,-85.22
37.2,-85.18
37.2,-85.14
37.2,-85.1
37.2,-85.06
37.2,-85.02
37.2,-84.98
37.2,-84.94
37.2,-84.9
37.2,-84.86
37.2,-84.82
37.2,-84.78
37.2,-84.74
37.2,-84.7
37.2,-84.66
37.2,-84.62
37.2,-84.58
37.2,-84.54
37.2,-84.5
37.2,-84.46
37.2,-84.42
37.2,-84.38
37.2,-84.34
37.2,-84.3
37.2,-84.26
37.2,-84.22
37.2,-84.18
37.2,-84.14
37.2,-84.1
37.2,-84.06
37.2,-84.02
37.2,-83.98
37.2,-83.94
37.2,-83.9
37.2,-83.86
37.2,-83.82
37.2,-83.78
37.2,-83.74
37.2,-83.7
37.2,-83.66
37.2,-83.62
37.2,-83.58
37.2,-83.54
37.2,-83.5
37.2,-83.46
37.2,-83.42
37.2,-83.38
37.2,-83.34
37.2,-83.3
37.2,-83.26
37.2,-83.22
37.2,-83.18
37.2,-83.14
37.2,-83.1
37.2,-83.06
37.2,-83.02
37.2,-82.98
37.2,-82.94
37.2,-82.9
37.2,-82.86
37.2,-82.82
37.2,-82.78
37.2,-82.74
37.2,-82.7
37.2,-82.66
37.2,-82.62
37.2,-82.58
37.2,-82.54
37.2,-82.5
37.16,-89.1
37.16,-89.06
37.16,-89.02
37.16,-88.98
37.16,-88.94
37.16,-88.9
37.16,-88.86
37.16,-88.82
37.16,-88.78
37.16,-88.74
37.16,-88.7
37.16,-88.46
37.16,-88.42
37.16,-88.38
37.16,-88.34
37.16,-88.3
37.16,-88.26
37.16,-88.22
37.16,-88.18
37.16,-88.14
37.16,-88.1
37.16,-88.06
37.16,-88.02
37.16,-87.98
37.16,-87.94
37.16,-87.9
37.16,-87.86
37.16,-87.82
37.16,-87.78
37.16,-87.74
37.16,-87.7
37.16,-87.66
37.16,-87.62
37.16,-87.58
37.16,-87.54
37.16,-87.5
37.16,-87.46
37.16,-87.42
37.16,-87.38
37.16,-87.34
37.16,-87.3
37.16,-87.26
37.16,-87.22
37.16,-87.18
37.16,-87.14
37.16,-87.1
37.16,-87.06
37.16,-87.02
37.16,-86.98
37.16,-86.94
37.16,-86.9
37.16,-86.86
37.16,-86.82
37.16,-86.78
37.16,-86.74
37.16,-86.7
37.16,-86.66
37.16,-86.62
37.16,-86.58
37.16,-86.54
37.16,-86.5
37.16,-86.46
37.16,-86.42
37.16,-86.38
37.16,-86.34
37.16,-86.3
37.16,-86.26
37.16,-86.22
37.16,-86.18
37.16,-86.14
37.16,-86.1
37.16,-86.06
37.16,-86.02
37.16,-85.98
37.16,-85.94
37.16,-85.9
37.16,-85.86
37.16,-85.82
37.16,-85.78
37.16,-85.74
37.16,-85.7
37.16,-85.66
37.16,-85.62
37.16,-85.58
37.16,-85.54
37.16,-85.5
37.16,-85.46
37.16,-85.42
37.16,-85.38
37.16,-85.34
37.16,-85.3
37.16,-85.26
37.16,-85.22
37.16,-85.18
37.16,-85.14
37.16,-85.1
37.16,-85.06
37.16,-85.02
37.16,-84.98
37.16,-84.94
37.16,-84.9
37.16,-84.86
37.16,-84.82
37.16,-84.78
37.16,-84.74
37.16,-84.7
37.16,-84.66
37.16,-84.62
37.16,-84.58
37.16,-84.54
37.16,-84.5
37.16,-84.46
37.16,-84.42
37.16,-84.38
37.16,-84.34
37.16,-84.3
37.16,-84.26
37.16,-84.22
37.16,-84.18
37.16,-84.14
37.16,-84.1
37.16,-84.06
37.16,-84.02
37.16,-83.98
37.16,-83.94
37.16,-83.9
37.16,-83.86
37.16,-83.82
37.16,-83.78
37.16,-83.74
37.16,-83.7
37.16,-83.66
37.16,-83.62
37.16,-83.58
37.16,-83.54
37.16,-83.5
37.16,-83.46
37.16,-83.42
37.16,-83.38
37.16,-83.34
37.16,-83.3
37.16,-83.26
37.16,-83.22
37.16,-83.18
37.16,-83.14
37.16,-83.1
37.16,-83.06
37.16,-83.02
37.16,-82.98
37.16,-82.94
37.16,-82.9
37.16,-82.86
37.16,-82.82
37.16,-82.78
37.16,-82.74
37.16,-82.7
37.16,-82.66
37.16,-82.62
37.16,-82.58
37.12,-89.14
37.12,-89.1
37.12,-89.06
37.12,-89.02
37.12,-88.98
37.12,-88.94
37.12,-88.9
37.12,-88.86
37.12,-88.82
37.12,-88.78
37.12,-88.74
37.12,-88.7
37.12,-88.66
37.12,-88.62
37.12,-88.58
37.12,-88.46
37.12,-88.42
37.12,-88.38
37.12,-88.34
37.12,-88.3
37.12,-88.26
37.12,-88.22
37.12,-88.18
37.12,-88.14
37.12,-88.1
37.12,-88.06
37.12,-88.02
37.12,-87.98
37.12,-87.94
37.12,-87.9
37.12,-87.86
37.12,-87.82
37.12,-87.78
37.12,-87.74
37.12,-87.7
37.12,-87.66
37.12,-87.62
37.12,-87.58
37.12,-87.54
37.12,-87.5
37.12,-87.46
37.12,-87.42
37.12,-87.38
37.12,-87.34
37.12,-87.3
37.12,-87.26
37.12,-87.22
37.12,-87.18
37.12,-87.14
37.12,-87.1
37.12,-87.06
37.12,-87.02
37.12,-86.98
37.12,-86.94
37.12,-86.9
37.12,-86.86
37.12,-86.82
37.12,-86.78
37.12,-86.74
37.12,-86.7
37.12,-86.66
37.12,-86.62
37.12,-86.58
37.12,-86.54
37.12,-86.5
37.12,-86.46
37.12,-86.42
37.12,-86.38
37.12,-86.34
37.12,-86.3
37.12,-86.26
37.12,-86.22
37.12,-86.18
37.12,-86.14
37.12,-86.1
37.12,-86.06
37.12,-86.02
37.12,-85.98
37.12,-85.94
37.12,-85.9
37.12,-85.86
37.12,-85.82
37.12,-85.78
37.12,-85.74
37.12,-85.7
37.12,-85.66
37.12,-85.62
37.12,-85.58
37.12,-85.54
37.12,-85.5
37.12,-85.46
37.12,-85.42
37.12,-85.38
37.12,-85.34
37.12,-85.3
37.12,-85.26
37.12,-85.22
37.12,-85.18
37.12,-85.14
37.12,-85.1
37.12,-85.06
37.12,-85.02
37.12,-84.98
37.12,-84.94
37.12,-84.9
37.12,-84.86
37.12,-84.82
37.12,-84.78
37.12,-84.74
37.12,-84.7
37.12,-84.66
37.12,-84.62
37.12,-84.58
37.12,-84.54
37.12,-84.5
37.12,-84.46
37.12,-84.42
37.12,-84.38
37.12,-84.34
37.12,-84.3
37.12,-84.26
37.12,-84.22
37.12,-84.18
37.12,-84.14
37.12,-84.1
37.12,-84.06
37.12,-84.02
37.12,-83.98
37.12,-83.94
37.12,-83.9
37.12,-83.86
37.12,-83.82
37.12,-83.78
37.12,-83.74
37.12,-83.7
37.12,-83.66
37.12,-83.62
37.12,-83.58
37.12,-83.54
37.12,-83.5
37.12,-83.46
37.12,-83.42
37.12,-83.38
37.12,-83.34
37.12,-83.3
37.12,-83.26
37.12,-83.22
37.12,-83.18
37.12,-83.14
37.12,-83.1
37.12,-83.06
37.12,-83.02
37.12,-82.98
37.12,-82.94
37.12,-82.9
37.12,-82.86
37.12,-82.82
37.12,-82.78
37.12,-82.74
37.12,-82.7
37.12,-82.66
37.08,-89.18
37.08,-89.14
37.08,-89.1
37.08,-89.06
37.08,-89.02
37.08,-88.98
37.08,-88.94
37.08,-88.9
37.08,-88.86
37.08,-88.82
37.08,-88.78
37.08,-88.74
37.08,-88.7
37.08,-88.66
37.08,-88.62
37.08,-88.58
37.08,-88.54
37.08,-88.5
37.08,-88.46
37.08,-88.42
37.08,-88.38
37.08,-88.34
37.08,-88.3
37.08,-88.26
37.08,-88.22
37.08,-88.18
37.08,-88.14
37.08,-88.1
37.08,-88.06
37.08,-88.02
37.08,-87.98
37.08,-87.94
37.08,-87.9
37.08,-87.86
37.08,-87.82
37.08,-87.78
37.08,-87.74
37.08,-87.7
37.08,-87.66
37.08,-87.62
37.08,-87.58
37.08,-87.54
37.08,-87.5
37.08,-87.46
37.08,-87.42
37.08,-87.38
37.08,-87.34
37.08,-87.3
37.08,-87.26
37.08,-87.22
37.08,-87.18
37.08,-87.14
37.08,-87.1
37.08,-87.06
37.08,-87.02
37.08,-86.98
37.08,-86.94
37.08,-86.9
37.08,-86.86
37.08,-86.82
37.08,-86.78
37.08,-86.74
37.08,-86.7
37.08,-86.66
37.08,-86.62
37.08,-86.58
37.08,-86.54
37.08,-86.5
37.08,-86.46
37.08,-86.42
37.08,-86.38
37.08,-86.34
37.08,-86.3
37.08,-86.26
37.08,-86.22
37.08,-86.18
37.08,-86.14
37.08,-86.1
37.08,-86.06
37.08,-86.02
37.08,-85.98
37.08,-85.94
37.08,-85.9
37.08,-85.86
37.08,-85.82
37.08,-85.78
37.08,-85.74
37.08,-85.7
37.08,-85.66
37.08,-85.62
37.08,-85.58
37.08,-85.54
37.08,-85.5
37.08,-85.46
37.08,-85.42
37.08,-85.38
37.08,-85.34
37.08,-85.3
37.08,-85.26
37.08,-85.22
37.08,-85.18
37.08,-85.14
37.08,-85.1
37.08,-85.06
37.08,-85.02
37.08,-84.98
37.08,-84.94
37.08,-84.9
37.08,-84.86
37.08,-84.82
37.08,-84.78
37.08,-84.74
37.08,-84.7
37.08,-84.66
37.08,-84.62
37.08,-84.58
37.08,-84.54
37.08,-84.5
37.08,-84.46
37.08,-84.42
37.08,-84.38
37.08,-84.34
37.08,-84.3
37.08,-84.26
37.08,-84.22
37.08,-84.18
37.08,-84.14
37.08,-84.1
37.08,-84.06
37.08,-84.02
37.08,-83.98
37.08,-83.94
37.08,-83.9
37.08,-83.86
37.08,-83.82
37.08,-83.78
37.08,-83.74
37.08,-83.7
37.08,-83.66
37.08,-83.62
37.08,-83.58
37.08,-83.54
37.08,-83.5
37.08,-83.46
37.08,-83.42
37.08,-83.38
37.08,-83.34
37.08,-83.3
37.08,-83.26
37.08,-83.22
37.08,-83.18
37.08,-83.14
37.08,-83.1
37.08,-83.06
37.08,-83.02
37.08,-82.98
37.08,-82.94
37.08,-82.9
37.08,-82.86
37.08,-82.82
37.08,-82.78
37.08,-82.74
37.04,-89.18
37.04,-89.14
37.04,-89.1
37.04,-89.06
37.04,-89.02
37.04,-88.98
37.04,-88.94
37.04,-88.9
37.04,-88.86
37.04,-88.82
37.04,-88.78
37.04,-88.74
37.04,-88.7
37.04,-88.66
37.04,-88.62
37.04,-88.58
37.04,-88.54
37.04,-88.5
37.04,-88.46
37.04,-88.42
37.04,-88.38
37.04,-88.34
37.04,-88.3
37.04,-88.26
37.04,-88.22
37.04,-88.18
37.04,-88.14
37.04,-88.1
37.04,-88.06
37.04,-88.02
37.04,-87.98
37.04,-87.94
37.04,-87.9
37.04,-87.86
37.04,-87.82
37.04,-87.78
37.04,-87.74
37.04,-87.7
37.04,-87.66
37.04,-87.62
37.04,-87.58
37.04,-87.54
37.04,-87.5
37.04,-87.46
37.04,-87.42
37.04,-87.38
37.04,-87.34
37.04,-87.3
37.04,-87.26
37.04,-87.22
37.04,-87.18
37.04,-87.14
37.04,-87.1
37.04,-87.06
37.04,-87.02
37.04,-86.98
37.04,-86.94
37.04,-86.9
37.04,-86.86
37.04,-86.82
37.04,-86.78
37.04,-86.74
37.04,-86.7
37.04,-86.66
37.04,-86.62
37.04,-86.58
37.04,-86.54
37.04,-86.5
37.04,-86.46
37.04,-86.42
37.04,-86.38
37.04,-86.34
37.04,-86.3
37.04,-86.26
37.04,-86.22
37.04,-86.18
37.04,-86.14
37.04,-86.1
37.04,-86.06
37.04,-86.02
37.04,-85.98
37.04,-85.94
37.04,-85.9
37.04,-85.86
37.04,-85.82
37.04,-85.78
37.04,-85.74
37.04,-85.7
37.04,-85.66
37.04,-85.62
37.04,-85.58
37.04,-85.54
37.04,-85.5
37.04,-85.46
37.04,-85.42
37.04,-85.38
37.04,-85.34
37.04,-85.3
37.04,-85.26
37.04,-85.22
37.04,-85.18
37.04,-85.14
37.04,-85.1
37.04,-85.06
37.04,-85.02
37.04,-84.98
37.04,-84.94
37.04,-84.9
37.04,-84.86
37.04,-84.82
37.04,-84.78
37.04,-84.74
37.04,-84.7
37.04,-84.66
37.04,-84.62
37.04,-84.58
37.04,-84.54
37.04,-84.5
37.04,-84.46
37.04,-84.42
37.04,-84.38
37.04,-84.34
37.04,-84.3
37.04,-84.26
37.04,-84.22
37.04,-84.18
37.04,-84.14
37.04,-84.1
37.04,-84.06
37.04,-84.02
37.04,-83.98
37.04,-83.94
37.04,-83.9
37.04,-83.86
37.04,-83.82
37.04,-83.78
37.04,-83.74
37.04,-83.7
37.04,-83.66
37.04,-83.62
37.04,-83.58
37.04,-83.54
37.04,-83.5
37.04,-83.46
37.04,-83.42
37.04,-83.38
37.04,-83.34
37.04,-83.3
37.04,-83.26
37.04,-83.22
37.04,-83.18
37.04,-83.14
37.04,-83.1
37.04,-83.06
37.04,-83.02
37.04,-82.98
37.04,-82.94
37.04,-82.9
37.04,-82.86
37.04,-82.82
37.04,-82.78
37.04,-82.74
37.0,-89.18
37.0,-89.14
37.0,-89.1
37.0,-89.06
37.0,-89.02
37.0,-88.98
37.0,-88.94
37.0,-88.9
37.0,-88.86
37.0,-88.82
37.0,-88.78
37.0,-88.74
37.0,-88.7
37.0,-88.66
37.0,-88.62
37.0,-88.58
37.0,-88.54
37.0,-88.5
37.0,-88.46
37.0,-88.42
37.0,-88.38
37.0,-88.34
37.0,-88.3
37.0,-88.26
37.0,-88.22
37.0,-88.18
37.0,-88.14
37.0,-88.1
37.0,-88.06
37.0,-88.02
37.0,-87.98
37.0,-87.94
37.0,-87.9
37.0,-87.86
37.0,-87.82
37.0,-87.78
37.0,-87.74
37.0,-87.7
37.0,-87.66
37.0,-87.62
37.0,-87.58
37.0,-87.54
37.0,-87.5
37.0,-87.46
37.0,-87.42
37.0,-87.38
37.0,-87.34
37.0,-87.3
37.0,-87.26
37.0,-87.22
37.0,-87.18
37.0,-87.14
37.0,-87.1
37.0,-87.06
37.0,-87.02
37.0,-86.98
37.0,-86.94
37.0,-86.9
37.0,-86.86
37.0,-86.82
37.0,-86.78
37.0,-86.74
37.0,-86.7
37.0,-86.66
37.0,-86.62
37.0,-86.58
37.0,-86.54
37.0,-86.5
37.0,-86.46
37.0,-86.42
37.0,-86.38
37.0,-86.34
37.0,-86.3
37.0,-86.26
37.0,-86.22
37.0,-86.18
37.0,-86.14
37.0,-86.1
37.0,-86.06
37.0,-86.02
37.0,-85.98
37.0,-85.94
37.0,-85.9
37.0,-85.86
37.0,-85.82
37.0,-85.78
37.0,-85.74
37.0,-85.7
37.0,-85.66
37.0,-85.62
37.0,-85.58
37.0,-85.54
37.0,-85.5
37.0,-85.46
37.0,-85.42
37.0,-85.38
37.0,-85.34
37.0,-85.3
37.0,-85.26
37.0,-85.22
37.0,-85.18
37.0,-85.14
37.0,-85.1
37.0,-85.06
37.0,-85.02
37.0,-84.98
37.0,-84.94
37.0,-84.9
37.0,-84.86
37.0,-84.82
37.0,-84.78
37.0,-84.74
37.0,-84.7
37.0,-84.66
37.0,-84.62
37.0,-84.58
37.0,-84.54
37.0,-84.5
37.0,-84.46
37.0,-84.42
37.0,-84.38
37.0,-84.34
37.0,-84.3
37.0,-84.26
37.0,-84.22
37.0,-84.18
37.0,-84.14
37.0,-84.1
37.0,-84.06
37.0,-84.02
37.0,-83.98
37.0,-83.94
37.0,-83.9
37.0,-83.86
37.0,-83.82
37.0,-83.78
37.0,-83.74
37.0,-83.7
37.0,-83.66
37.0,-83.62
37.0,-83.58
37.0,-83.54
37.0,-83.5
37.0,-83.46
37.0,-83.42
37.0,-83.38
37.0,-83.34
37.0,-83.3
37.0,-83.26
37.0,-83.22
37.0,-83.18
37.0,-83.14
37.0,-83.1
37.0,-83.06
37.0,-83.02
37.0,-82.98
37.0,-82.94
37.0,-82.9
37.0,-82.86
37.0,-82.82
37.0,-82.78
36.96,-89.1
36.96,-89.06
36.96,-89.02
36.96,-88.98
36.96,-88.94
36.96,-88.9
36.96,-88.86
36.96,-88.82
36.96,-88.78
36.96,-88.74
36.96,-88.7
36.96,-88.66
36.96,-88.62
36.96,-88.58
36.96,-88.54
36.96,-88.5
36.96,-88.46
36.96,-88.42
36.96,-88.38
36.96,-88.34
36.96,-88.3
36.96,-88.26
36.96,-88.22
36.96,-88.18
36.96,-88.14
36.96,-88.1
36.96,-88.06
36.96,-88.02
36.96,-87.98
36.96,-87.94
36.96,-87.9
36.96,-87.86
36.96,-87.82
36.96,-87.78
36.96,-87.74
36.96,-87.7
36.96,-87.66
36.96,-87.62
36.96,-87.58
36.96,-87.54
36.96,-87.5
36.96,-87.46
36.96,-87.42
36.96,-87.38
36.96,-87.34
36.96,-87.3
36.96,-87.26
36.96,-87.22
36.96,-87.18
36.96,-87.14
36.96,-87.1
36.96,-87.06
36.96,-87.02
36.96,-86.98
36.96,-86.94
36.96,-86.9
36.96,-86.86
36.96,-86.82
36.96,-86.78
36.96,-86.74
36.96,-86.7
36.96,-86.66
36.96,-86.62
36.96,-86.58
36.96,-86.54
36.96,-86.5
36.96,-86.46
36.96,-86.42
36.96,-86.38
36.96,-86.34
36.96,-86.3
36.96,-86.26
36.96,-86.22
36.96,-86.18
36.96,-86.14
36.96,-86.1
36.96,-86.06
36.96,-86.02
36.96,-85.98
36.96,-85.94
36.96,-85.9
36.96,-85.86
36.96,-85.82
36.96,-85.78
36.96,-85.74
36.96,-85.7
36.96,-85.66
36.96,-85.62
36.96,-85.58
36.96,-85.54
36.96,-85.5
36.96,-85.46
36.96,-85.42
36.96,-85.38
36.96,-85.34
36.96,-85.3
36.96,-85.26
36.96,-85.22
36.96,-85.18
36.96,-85.14
36.96,-85.1
36.96,-85.06
36.96,-85.02
36.96,-84.98
36.96,-84.94
36.96,-84.9
36.96,-84.86
36.96,-84.82
36.96,-84.78
36.96,-84.74
36.96,-84.7
36.96,-84.66
36.96,-84.62
36.96,-84.58
36.96,-84.54
36.96,-84.5
36.96,-84.46
36.96,-84.42
36.96,-84.38
36.96,-84.34
36.96,-84.3
36.96,-84.26
36.96,-84.22
36.96,-84.18
36.96,-84.14
36.96,-84.1
36.96,-84.06
36.96,-84.02
36.96,-83.98
36.96,-83.94
36.96,-83.9
36.96,-83.86
36.96,-83.82
36.96,-83.78
36.96,-83.74
36.96,-83.7
36.96,-83.66
36.96,-83.62
36.96,-83.58
36.96,-83.54
36.96,-83.5
36.96,-83.46
36.96,-83.42
36.96,-83.38
36.96,-83.34
36.96,-83.3
36.96,-83.26
36.96,-83.22
36.96,-83.18
36.96,-83.14
36.96,-83.1
36.96,-83.06
36.96,-83.02
36.96,-82.98
36.96,-82.94
36.96,-82.9
36.96,-82.86
36.92,-89.1
36.92,-89.06
36.92,-89.02
36.92,-88.98
36.92,-88.94
36.92,-88.9
36.92,-88.86
36.92,-88.82
36.92,-88.78
36.92,-88.74
36.92,-88.7
36.92,-88.66
36.92,-88.62
36.92,-88.58
36.92,-88.54
36.92,-88.5
36.92,-88.46
36.92,-88.42
36.92,-88.38
36.92,-88.34
36.92,-88.3
36.92,-88.26
36.92,-88.22
36.92,-88.18
36.92,-88.14
36.92,-88.1
36.92,-88.06
36.92,-88.02
36.92,-87.98
36.92,-87.94
36.92,-87.9
36.92,-87.86
36.92,-87.82
36.92,-87.78
36.92,-87.74
36.92,-87.7
36.92,-87.66
36.92,-87.62
36.92,-87.58
36.92,-87.54
36.92,-87.5
36.92,-87.46
36.92,-87.42
36.92,-87.38
36.92,-87.34
36.92,-87.3
36.92,-87.26
36.92,-87.22
36.92,-87.18
36.92,-87.14
36.92,-87.1
36.92,-87.06
36.92,-87.02
36.92,-86.98
36.92,-86.94
36.92,-86.9
36.92,-86.86
36.92,-86.82
36.92,-86.78
36.92,-86.74
36.92,-86.7
36.92,-86.66
36.92,-86.62
36.92,-86.58
36.92,-86.54
36.92,-86.5
36.92,-86.46
36.92,-86.42
36.92,-86.38
36.92,-86.34
36.92,-86.3
36.92,-86.26
36.92,-86.22
36.92,-86.18
36.92,-86.14
36.92,-86.1
36.92,-86.06
36.92,-86.02
36.92,-85.98
36.92,-85.94
36.92,-85.9
36.92,-85.86
36.92,-85.82
36.92,-85.78
36.92,-85.74
36.92,-85.7
36.92,-85.66
36.92,-85.62
36.92,-85.58
36.92,-85.54
36.92,-85.5
36.92,-85.46
36.92,-85.42
36.92,-85.38
36.92,-85.34
36.92,-85.3
36.92,-85.26
36.92,-85.22
36.92,-85.18
36.92,-85.14
36.92,-85.1
36.92,-85.06
36.92,-85.02
36.92,-84.98
36.92,-84.94
36.92,-84.9
36.92,-84.86
36.92,-84.82
36.92,-84.78
36.92,-84.74
36.92,-84.7
36.92,-84.66
36.92,-84.62
36.92,-84.58
36.92,-84.54
36.92,-84.5
36.92,-84.46
36.92,-84.42
36.92,-84.38
36.92,-84.34
36.92,-84.3
36.92,-84.26
36.92,-84.22
36.92,-84.18
36.92,-84.14
36.92,-84.1
36.92,-84.06
36.92,-84.02
36.92,-83.98
36.92,-83.94
36.92,-83.9
36.92,-83.86
36.92,-83.82
36.92,-83.78
36.92,-83.74
36.92,-83.7
36.92,-83.66
36.92,-83.62
36.92,-83.58
36.92,-83.54
36.92,-83.5
36.92,-83.46
36.92,-83.42
36.92,-83.38
36.92,-83.34
36.92,-83.3
36.92,-83.26
36.92,-83.22
36.92,-83.18
36.92,-83.14
36.92,-83.1
36.92,-83.06
36.92,-83.02
36.92,-82.98
36.92,-82.94
36.92,-82.9
36.92,-82.86
36.88,-89.14
36.88,-89.1
36.88,-89.06
36.88,-89.02
36.88,-88.98
36.88,-88.94
36.88,-88.9
36.88,-88.86
36.88,-88.82
36.88,-88.78
36.88,-88.74
36.88,-88.7
36.88,-88.66
36.88,-88.62
36.88,-88.58
36.88,-88.54
36.88,-88.5
36.88,-88.46
36.88,-88.42
36.88,-88.38
36.88,-88.34
36.88,-88.3
36.88,-88.26
36.88,-88.22
36.88,-88.18
36.88,-88.14
36.88,-88.1
36.88,-88.06
36.88,-88.02
36.88,-87.98
36.88,-87.94
36.88,-87.9
36.88,-87.86
36.88,-87.82
36.88,-87.78
36.88,-87.74
36.88,-87.7
36.88,-87.66
36.88,-87.62
36.88,-87.58
36.88,-87.54
36.88,-87.5
36.88,-87.46
36.88,-87.42
36.88,-87.38
36.88,-87.34
36.88,-87.3
36.88,-87.26
36.88,-87.22
36.88,-87.18
36.88,-87.14
36.88,-87.1
36.88,-87.06
36.88,-87.02
36.88,-86.98
36.88,-86.94
36.88,-86.9
36.88,-86.86
36.88,-86.82
36.88,-86.78
36.88,-86.74
36.88,-86.7
36.88,-86.66
36.88,-86.62
36.88,-86.58
36.88,-86.54
36.88,-86.5
36.88,-86.46
36.88,-86.42
36.88,-86.38
36.88,-86.34
36.88,-86.3
36.88,-86.26
36.88,-86.22
36.88,-86.18
36.88,-86.14
36.88,-86.1
36.88,-86.06
36.88,-86.02
36.88,-85.98
36.88,-85.94
36.88,-85.9
36.88,-85.86
36.88,-85.82
36.88,-85.78
36.88,-85.74
36.88,-85.7
36.88,-85.66
36.88,-85.62
36.88,-85.58
36.88,-85.54
36.88,-85.5
36.88,-85.46
36.88,-85.42
36.88,-85.38
36.88,-85.34
36.88,-85.3
36.88,-85.26
36.88,-85.22
36.88,-85.18
36.88,-85.14
36.88,-85.1
36.88,-85.06
36.88,-85.02
36.88,-84.98
36.88,-84.94
36.88,-84.9
36.88,-84.86
36.88,-84.82
36.88,-84.78
36.88,-84.74
36.88,-84.7
36.88,-84.66
36.88,-84.62
36.88,-84.58
36.88,-84.54
36.88,-84.5
36.88,-84.46
36.88,-84.42
36.88,-84.38
36.88,-84.34
36.88,-84.3
36.88,-84.26
36.88,-84.22
36.88,-84.18
36.88,-84.14
36.88,-84.1
36.88,-84.06
36.88,-84.02
36.88,-83.98
36.88,-83.94
36.88,-83.9
36.88,-83.86
36.88,-83.82
36.88,-83.78
36.88,-83.74
36.88,-83.7
36.88,-83.66
36.88,-83.62
36.88,-83.58
36.88,-83.54
36.88,-83.5
36.88,-83.46
36.88,-83.42
36.88,-83.38
36.88,-83.34
36.88,-83.3
36.88,-83.26
36.88,-83.22
36.88,-83.18
36.88,-83.14
36.88,-83.1
36.88,-83.06
36.88,-83.02
36.88,-82.98
36.88,-82.94
36.88,-82.9
36.88,-82.86
36.84,-89.18
36.84,-89.14
36.84,-89.1
36.84,-89.06
36.84,-89.02
36.84,-88.98
36.84,-88.94
36.84,-88.9
36.84,-88.86
36.84,-88.82
36.84,-88.78
36.84,-88.74
36.84,-88.7
36.84,-88.66
36.84,-88.62
36.84,-88.58
36.84,-88.54
36.84,-88.5
36.84,-88.46
36.84,-88.42
36.84,-88.38
36.84,-88.34
36.84,-88.3
36.84,-88.26
36.84,-88.22
36.84,-88.18
36.84,-88.14
36.84,-88.1
36.84,-88.06
36.84,-88.02
36.84,-87.98
36.84,-87.94
36.84,-87.9
36.84,-87.86
36.84,-87.82
36.84,-87.78
36.84,-87.74
36.84,-87.7
36.84,-87.66
36.84,-87.62
36.84,-87.58
36.84,-87.54
36.84,-87.5
36.84,-87.46
36.84,-87.42
36.84,-87.38
36.84,-87.34
36.84,-87.3
36.84,-87.26
36.84,-87.22
36.84,-87.18
36.84,-87.14
36.84,-87.1
36.84,-87.06
36.84,-87.02
36.84,-86.98
36.84,-86.94
36.84,-86.9
36.84,-86.86
36.84,-86.82
36.84,-86.78
36.84,-86.74
36.84,-86.7
36.84,-86.66
36.84,-86.62
36.84,-86.58
36.84,-86.54
36.84,-86.5
36.84,-86.46
36.84,-86.42
36.84,-86.38
36.84,-86.34
36.84,-86.3
36.84,-86.26
36.84,-86.22
36.84,-86.18
36.84,-86.14
36.84,-86.1
36.84,-86.06
36.84,-86.02
36.84,-85.98
36.84,-85.94
36.84,-85.9
36.84,-85.86
36.84,-85.82
36.84,-85.78
36.84,-85.74
36.84,-85.7
36.84,-85.66
36.84,-85.62
36.84,-85.58
36.84,-85.54
36.84,-85.5
36.84,-85.46
36.84,-85.42
36.84,-85.38
36.84,-85.34
36.84,-85.3
36.84,-85.26
36.84,-85.22
36.84,-85.18
36.84,-85.14
36.84,-85.1
36.84,-85.06
36.84,-85.02
36.84,-84.98
36.84,-84.94
36.84,-84.9
36.84,-84.86
36.84,-84.82
36.84,-84.78
36.84,-84.74
36.84,-84.7
36.84,-84.66
36.84,-84.62
36.84,-84.58
36.84,-84.54
36.84,-84.5
36.84,-84.46
36.84,-84.42
36.84,-84.38
36.84,-84.34
36.84,-84.3
36.84,-84.26
36.84,-84.22
36.84,-84.18
36.84,-84.14
36.84,-84.1
36.84,-84.06
36.84,-84.02
36.84,-83.98
36.84,-83.94
36.84,-83.9
36.84,-83.86
36.84,-83.82
36.84,-83.78
36.84,-83.74
36.84,-83.7
36.84,-83.66
36.84,-83.62
36.84,-83.58
36.84,-83.54
36.84,-83.5
36.84,-83.46
36.84,-83.42
36.84,-83.38
36.84,-83.34
36.84,-83.3
36.84,-83.26
36.84,-83.22
36.84,-83.18
36.84,-83.14
36.84,-83.1
36.84,-83.06
36.84,-83.02
36.84,-82.98
36.8,-89.18
36.8,-89.14
36.8,-89.1
36.8,-89.06
36.8,-89.02
36.8,-88.98
36.8,-88.94
36.8,-88.9
36.8,-88.86
36.8,-88.82
36.8,-88.78
36.8,-88.74
36.8,-88.7
36.8,-88.66
36.8,-88.62
36.8,-88.58
36.8,-88.54
36.8,-88.5
36.8,-88.46
36.8,-88.42
36.8,-88.38
36.8,-88.34
36.8,-88.3
36.8,-88.26
36.8,-88.22
36.8,-88.18
36.8,-88.14
36.8,-88.1
36.8,-88.06
36.8,-88.02
36.8,-87.98
36.8,-87.94
36.8,-87.9
36.8,-87.86
36.8,-87.82
36.8,-87.78
36.8,-87.74
36.8,-87.7
36.8,-87.66
36.8,-87.62
36.8,-87.58
36.8,-87.54
36.8,-87.5
36.8,-87.46
36.8,-87.42
36.8,-87.38
36.8,-87.34
36.8,-87.3
36.8,-87.26
36.8,-87.22
36.8,-87.18
36.8,-87.14
36.8,-87.1
36.8,-87.06
36.8,-87.02
36.8,-86.98
36.8,-86.94
36.8,-86.9
36.8,-86.86
36.8,-86.82
36.8,-86.78
36.8,-86.74
36.8,-86.7
36.8,-86.66
36.8,-86.62
36.8,-86.58
36.8,-86.54
36.8,-86.5
36.8,-86.46
36.8,-86.42
36.8,-86.38
36.8,-86.34
36.8,-86.3
36.8,-86.26
36.8,-86.22
36.8,-86.18
36.8,-86.14
36.8,-86.1
36.8,-86.06
36.8,-86.02
36.8,-85.98
36.8,-85.94
36.8,-85.9
36.8,-85.86
36.8,-85.82
36.8,-85.78
36.8,-85.74
36.8,-85.7
36.8,-85.66
36.8,-85.62
36.8,-85.58
36.8,-85.54
36.8,-85.5
36.8,-85.46
36.8,-85.42
36.8,-85.38
36.8,-85.34
36.8,-85.3
36.8,-85.26
36.8,-85.22
36.8,-85.18
36.8,-85.14
36.8,-85.1
36.8,-85.06
36.8,-85.02
36.8,-84.98
36.8,-84.94
36.8,-84.9
36.8,-84.86
36.8,-84.82
36.8,-84.78
36.8,-84.74
36.8,-84.7
36.8,-84.66
36.8,-84.62
36.8,-84.58
36.8,-84.54
36.8,-84.5
36.8,-84.46
36.8,-84.42
36.8,-84.38
36.8,-84.34
36.8,-84.3
36.8,-84.26
36.8,-84.22
36.8,-84.18
36.8,-84.14
36.8,-84.1
36.8,-84.06
36.8,-84.02
36.8,-83.98
36.8,-83.94
36.8,-83.9
36.8,-83.86
36.8,-83.82
36.8,-83.78
36.8,-83.74
36.8,-83.7
36.8,-83.66
36.8,-83.62
36.8,-83.58
36.8,-83.54
36.8,-83.5
36.8,-83.46
36.8,-83.42
36.8,-83.38
36.8,-83.34
36.8,-83.3
36.8,-83.26
36.8,-83.22
36.8,-83.18
36.8,-83.14
36.8,-83.1
36.76,-89.22
36.76,-89.18
36.76,-89.14
36.76,-89.1
36.76,-89.06
36.76,-89.02
36.76,-88.98
36.76,-88.94
36.76,-88.9
36.76,-88.86
36.76,-88.82
36.76,-88.78
36.76,-88.74
36.76,-88.7
36.76,-88.66
36.76,-88.62
36.76,-88.58
36.76,-88.54
36.76,-88.5
36.76,-88.46
36.76,-88.42
36.76,-88.38
36.76,-88.34
36.76,-88.3
36.76,-88.26
36.76,-88.22
36.76,-88.18
36.76,-88.14
36.76,-88.1
36.76,-88.06
36.76,-88.02
36.76,-87.98
36.76,-87.94
36.76,-87.9
36.76,-87.86
36.76,-87.82
36.76,-87.78
36.76,-87.74
36.76,-87.7
36.76,-87.66
36.76,-87.62
36.76,-87.58
36.76,-87.54
36.76,-87.5
36.76,-87.46
36.76,-87.42
36.76,-87.38
36.76,-87.34
36.76,-87.3
36.76,-87.26
36.76,-87.22
36.76,-87.18
36.76,-87.14
36.76,-87.1
36.76,-87.06
36.76,-87.02
36.76,-86.98
36.76,-86.94
36.76,-86.9
36.76,-86.86
36.76,-86.82
36.76,-86.78
36.76,-86.74
36.76,-86.7
36.76,-86.66
36.76,-86.62
36.76,-86.58
36.76,-86.54
36.76,-86.5
36.76,-86.46
36.76,-86.42
36.76,-86.38
36.76,-86.34
36.76,-86.3
36.76,-86.26
36.76,-86.22
36.76,-86.18
36.76,-86.14
36.76,-86.1
36.76,-86.06
36.76,-86.02
36.76,-85.98
36.76,-85.94
36.76,-85.9
36.76,-85.86
36.76,-85.82
36.76,-85.78
36.76,-85.74
36.76,-85.7
36.76,-85.66
36.76,-85.62
36.76,-85.58
36.76,-85.54
36.76,-85.5
36.76,-85.46
36.76,-85.42
36.76,-85.38
36.76,-85.34
36.76,-85.3
36.76,-85.26
36.76,-85.22
36.76,-85.18
36.76,-85.14
36.76,-85.1
36.76,-85.06
36.76,-85.02
36.76,-84.98
36.76,-84.94
36.76,-84.9
36.76,-84.86
36.76,-84.82
36.76,-84.78
36.76,-84.74
36.76,-84.7
36.76,-84.66
36.76,-84.62
36.76,-84.58
36.76,-84.54
36.76,-84.5
36.76,-84.46
36.76,-84.42
36.76,-84.38
36.76,-84.34
36.76,-84.3
36.76,-84.26
36.76,-84.22
36.76,-84.18
36.76,-84.14
36.76,-84.1
36.76,-84.06
36.76,-84.02
36.76,-83.98
36.76,-83.94
36.76,-83.9
36.76,-83.86
36.76,-83.82
36.76,-83.78
36.76,-83.74
36.76,-83.7
36.76,-83.66
36.76,-83.62
36.76,-83.58
36.76,-83.54
36.76,-83.5
36.76,-83.46
36.76,-83.42
36.76,-83.38
36.76,-83.34
36.76,-83.3
36.76,-83.26
36.76,-83.22
36.76,-83.18
36.76,-83.14
36.72,-89.22
36.72,-89.18
36.72,-89.14
36.72,-89.1
36.72,-89.06
36.72,-89.02
36.72,-88.98
36.72,-88.94
36.72,-88.9
36.72,-88.86
36.72,-88.82
36.72,-88.78
36.72,-88.74
36.72,-88.7
36.72,-88.66
36.72,-88.62
36.72,-88.58
36.72,-88.54
36.72,-88.5
36.72,-88.46
36.72,-88.42
36.72,-88.38
36.72,-88.34
36.72,-88.3
36.72,-88.26
36.72,-88.22
36.72,-88.18
36.72,-88.14
36.72,-88.1
36.72,-88.06
36.72,-88.02
36.72,-87.98
36.72,-87.94
36.72,-87.9
36.72,-87.86
36.72,-87.82
36.72,-87.78
36.72,-87.74
36.72,-87.7
36.72,-87.66
36.72,-87.62
36.72,-87.58
36.72,-87.54
36.72,-87.5
36.72,-87.46
36.72,-87.42
36.72,-87.38
36.72,-87.34
36.72,-87.3
36.72,-87.26
36.72,-87.22
36.72,-87.18
36.72,-87.14
36.72,-87.1
36.72,-87.06
36.72,-87.02
36.72,-86.98
36.72,-86.94
36.72,-86.9
36.72,-86.86
36.72,-86.82
36.72,-86.78
36.72,-86.74
36.72,-86.7
36.72,-86.66
36.72,-86.62
36.72,-86.58
36.72,-86.54
36.72,-86.5
36.72,-86.46
36.72,-86.42
36.72,-86.38
36.72,-86.34
36.72,-86.3
36.72,-86.26
36.72,-86.22
36.72,-86.18
36.72,-86.14
36.72,-86.1
36.72,-86.06
36.72,-86.02
36.72,-85.98
36.72,-85.94
36.72,-85.9
36.72,-85.86
36.72,-85.82
36.72,-85.78
36.72,-85.74
36.72,-85.7
36.72,-85.66
36.72,-85.62
36.72,-85.58
36.72,-85.54
36.72,-85.5
36.72,-85.46
36.72,-85.42
36.72,-85.38
36.72,-85.34
36.72,-85.3
36.72,-85.26
36.72,-85.22
36.72,-85.18
36.72,-85.14
36.72,-85.1
36.72,-85.06
36.72,-85.02
36.72,-84.98
36.72,-84.94
36.72,-84.9
36.72,-84.86
36.72,-84.82
36.72,-84.78
36.72,-84.74
36.72,-84.7
36.72,-84.66
36.72,-84.62
36.72,-84.58
36.72,-84.54
36.72,-84.5
36.72,-84.46
36.72,-84.42
36.72,-84.38
36.72,-84.34
36.72,-84.3
36.72,-84.26
36.72,-84.22
36.72,-84.18
36.72,-84.14
36.72,-84.1
36.72,-84.06
36.72,-84.02
36.72,-83.98
36.72,-83.94
36.72,-83.9
36.72,-83.86
36.72,-83.82
36.72,-83.78
36.72,-83.74
36.72,-83.7
36.72,-83.66
36.72,-83.62
36.72,-83.58
36.72,-83.54
36.72,-83.5
36.72,-83.46
36.72,-83.42
36.72,-83.38
36.72,-83.34
36.72,-83.3
36.72,-83.26
36.72,-83.22
36.72,-83.18
36.68,-89.18
36.68,-89.14
36.68,-89.1
36.68,-89.06
36.68,-89.02
36.68,-88.98
36.68,-88.94
36.68,-88.9
36.68,-88.86
36.68,-88.82
36.68,-88.78
36.68,-88.74
36.68,-88.7
36.68,-88.66
36.68,-88.62
36.68,-88.58
36.68,-88.54
36.68,-88.5
36.68,-88.46
36.68,-88.42
36.68,-88.38
36.68,-88.34
36.68,-88.3
36.68,-88.26
36.68,-88.22
36.68,-88.18
36.68,-88.14
36.68,-88.1
36.68,-88.06
36.68,-88.02
36.68,-87.98
36.68,-87.94
36.68,-87.9
36.68,-87.86
36.68,-87.82
36.68,-87.78
36.68,-87.74
36.68,-87.7
36.68,-87.66
36.68,-87.62
36.68,-87.58
36.68,-87.54
36.68,-87.5
36.68,-87.46
36.68,-87.42
36.68,-87.38
36.68,-87.34
36.68,-87.3
36.68,-87.26
36.68,-87.22
36.68,-87.18
36.68,-87.14
36.68,-87.1
36.68,-87.06
36.68,-87.02
36.68,-86.98
36.68,-86.94
36.68,-86.9
36.68,-86.86
36.68,-86.82
36.68,-86.78
36.68,-86.74
36.68,-86.7
36.68,-86.66
36.68,-86.62
36.68,-86.58
36.68,-86.54
36.68,-86.5
36.68,-86.46
36.68,-86.42
36.68,-86.38
36.68,-86.34
36.68,-86.3
36.68,-86.26
36.68,-86.22
36.68,-86.18
36.68,-86.14
36.68,-86.1
36.68,-86.06
36.68,-86.02
36.68,-85.98
36.68,-85.94
36.68,-85.9
36.68,-85.86
36.68,-85.82
36.68,-85.78
36.68,-85.74
36.68,-85.7
36.68,-85.66
36.68,-85.62
36.68,-85.58
36.68,-85.54
36.68,-85.5
36.68,-85.46
36.68,-85.42
36.68,-85.38
36.68,-85.34
36.68,-85.3
36.68,-85.26
36.68,-85.22
36.68,-85.18
36.68,-85.14
36.68,-85.1
36.68,-85.06
36.68,-85.02
36.68,-84.98
36.68,-84.94
36.68,-84.9
36.68,-84.86
36.68,-84.82
36.68,-84.78
36.68,-84.74
36.68,-84.7
36.68,-84.66
36.68,-84.62
36.68,-84.58
36.68,-84.54
36.68,-84.5
36.68,-84.46
36.68,-84.42
36.68,-84.38
36.68,-84.34
36.68,-84.3
36.68,-84.26
36.68,-84.22
36.68,-84.18
36.68,-84.14
36.68,-84.1
36.68,-84.06
36.68,-84.02
36.68,-83.98
36.68,-83.94
36.68,-83.9
36.68,-83.86
36.68,-83.82
36.68,-83.78
36.68,-83.74
36.68,-83.7
36.68,-83.66
36.68,-83.62
36.68,-83.58
36.68,-83.54
36.68,-83.5
36.68,-83.46
36.68,-83.42
36.68,-83.38
36.68,-83.34
36.64,-89.38
36.64,-89.34
36.64,-89.3
36.64,-89.22
36.64,-89.18
36.64,-89.14
36.64,-89.1
36.64,-89.06
36.64,-89.02
36.64,-88.98
36.64,-88.94
36.64,-88.9
36.64,-88.86
36.64,-88.82
36.64,-88.78
36.64,-88.74
36.64,-88.7
36.64,-88.66
36.64,-88.62
36.64,-88.58
36.64,-88.54
36.64,-88.5
36.64,-88.46
36.64,-88.42
36.64,-88.38
36.64,-88.34
36.64,-88.3
36.64,-88.26
36.64,-88.22
36.64,-88.18
36.64,-88.14
36.64,-88.1
36.64,-88.06
36.64,-87.86
36.64,-87.82
36.64,-87.78
36.64,-87.74
36.64,-87.7
36.64,-87.66
36.64,-87.62
36.64,-87.58
36.64,-87.54
36.64,-87.5
36.64,-87.46
36.64,-87.42
36.64,-87.38
36.64,-87.34
36.64,-87.3
36.64,-87.26
36.64,-87.22
36.64,-87.18
36.64,-87.14
36.64,-87.1
36.64,-87.06
36.64,-87.02
36.64,-86.98
36.64,-86.94
36.64,-86.9
36.64,-86.86
36.64,-86.82
36.64,-86.78
36.64,-86.74
36.64,-86.7
36.64,-86.66
36.64,-86.62
36.64,-86.58
36.64,-86.54
36.64,-86.5
36.64,-86.46
36.64,-86.42
36.64,-86.38
36.64,-86.34
36.64,-86.3
36.64,-86.26
36.64,-86.22
36.64,-86.18
36.64,-86.14
36.64,-86.1
36.64,-86.06
36.64,-86.02
36.64,-85.98
36.64,-85.94
36.64,-85.9
36.64,-85.86
36.64,-85.82
36.64,-85.78
36.64,-85.74
36.64,-85.7
36.64,-85.66
36.64,-85.62
36.64,-85.58
36.64,-85.54
36.64,-85.5
36.64,-85.46
36.64,-85.42
36.64,-85.38
36.64,-85.34
36.64,-85.3
36.64,-85.26
36.64,-85.22
36.64,-85.18
36.64,-85.14
36.64,-85.1
36.64,-85.06
36.64,-85.02
36.64,-84.98
36.64,-84.94
36.64,-84.9
36.64,-84.86
36.64,-84.82
36.64,-84.78
36.64,-84.74
36.64,-84.7
36.64,-84.66
36.64,-84.62
36.64,-84.58
36.64,-84.54
36.64,-84.5
36.64,-84.46
36.64,-84.42
36.64,-84.38
36.64,-84.34
36.64,-84.3
36.64,-84.26
36.64,-84.22
36.64,-84.18
36.64,-84.14
36.64,-84.1
36.64,-84.06
36.64,-84.02
36.64,-83.98
36.64,-83.94
36.64,-83.9
36.64,-83.86
36.64,-83.82
36.64,-83.78
36.64,-83.74
36.64,-83.7
36.64,-83.66
36.64,-83.62
36.64,-83.58
36.64,-83.54
36.6,-89.54
36.6,-89.38
36.6,-89.34
36.6,-89.3
36.6,-89.22
36.6,-89.18
36.6,-89.14
36.6,-89.1
36.6,-89.06
36.6,-89.02
36.6,-88.98
36.6,-88.94
36.6,-88.9
36.6,-88.86
36.6,-88.82
36.6,-88.78
36.6,-88.74
36.6,-88.7
36.6,-88.66
36.6,-88.62
36.6,-88.58
36.6,-88.54
36.6,-88.5
36.6,-88.46
36.6,-88.42
36.6,-88.38
36.6,-88.34
36.6,-88.3
36.6,-88.26
36.6,-88.22
36.6,-88.18
36.6,-88.14
36.6,-88.1
36.6,-88.06
36.6,-85.74
36.6,-85.7
36.6,-85.66
36.6,-85.62
36.6,-85.58
36.6,-85.54
36.6,-85.5
36.6,-85.46
36.6,-85.42
36.6,-85.38
36.6,-85.06
36.6,-85.02
36.6,-84.98
36.6,-84.94
36.6,-84.9
36.6,-84.86
36.6,-84.82
36.6,-84.78
36.6,-84.74
36.6,-84.7
36.6,-84.66
36.6,-84.62
36.6,-84.58
36.6,-84.54
36.6,-84.5
36.6,-84.46
36.6,-84.42
36.6,-84.38
36.6,-84.34
36.6,-84.3
36.6,-84.26
36.6,-84.22
36.6,-84.18
36.6,-84.14
36.6,-84.1
36.6,-84.06
36.6,-84.02
36.6,-83.98
36.6,-83.94
36.6,-83.9
36.6,-83.86
36.6,-83.82
36.6,-83.78
36.6,-83.74
36.6,-83.7
36.6,-83.66
36.56,-89.54
36.56,-89.5
36.56,-89.46
36.56,-89.42
36.56,-89.38
36.56,-89.34
36.56,-89.3
36.56,-89.26
36.56,-89.22
36.56,-89.18
36.56,-89.14
36.56,-89.1
36.56,-89.06
36.56,-89.02
36.56,-88.98
36.56,-88.94
36.56,-88.9
36.56,-88.86
36.56,-88.82
36.56,-88.78
36.56,-88.74
36.56,-88.7
36.56,-88.66
36.56,-88.62
36.56,-88.58
36.56,-88.54
36.56,-88.5
36.56,-88.46
36.56,-88.42
36.56,-88.38
36.56,-88.34
36.56,-88.3
36.56,-88.26
36.56,-88.22
36.56,-88.18
36.56,-88.14
36.56,-88.1
36.56,-88.06
36.56,-88.02
36.52,-89.54
36.52,-89.5
36.52,-89.46
36.52,-89.42
36.52,-89.38
36.52,-89.34
36.52,-89.3
36.52,-89.26
36.52,-89.22
36.52,-89.18
36.52,-89.14
36.52,-89.1
36.52,-89.06
36.52,-89.02
36.52,-88.98
36.52,-88.94
36.52,-88.9
36.52,-88.86
36.52,-88.82
36.52,-88.78
36.52,-88.74
36.52,-88.7
36.52,-88.66
36.52,-88.62
36.52,-88.58
36.52,-88.54
36.52,-88.5
36.52,-88.46
36.52,-88.42
36.52,-88.38
36.52,-88.34
36.52,-88.3
36.52,-88.26
36.52,-88.22
36.52,-88.18
36.52,-88.14
36.52,-88.1
36.52,-88.06
36.52,-88.02
36.48,-89.54
36.48,-89.5
36.48,-89.42
36.48,-89.38
36.48,-88.34
36.48,-88.3
36.48,-88.26
36.48,-88.22
36.48,-88.18
36.48,-88.14
36.48,-88.1
36.48,-88.06
